model,log_likelihood,n_params,aic,cured_fraction
weibull,-2314.144863517944,3,4634.289727035888,0.9939937038686837
loglogistic,-2321.7465243385627,3,4649.493048677125,0.9862039606214433
