metric,mean,std,ci_lower_95,ci_upper_95,n_bootstrap
cure_fraction,0.8260138246700224,0.35601728198477156,1.0000000000000003e-09,0.975752183770437,20
