ordinal_position,column_name,data_type,verification_status,verification_method,batch_id,registry_notes,n_rows,null_or_blank,non_null,distinct_raw,distinct_norm,leading_trailing_rows,repeated_ws_rows,non_lower_rows,top_norm_count,norm_groups_with_raw_variants,null_pct,top_norm_pct_of_nonnull,norm_distinct_pct_of_nonnull,column_class,semantic_family,is_enum_candidate,rare_value_count,drift_issue_count
6,ajcc8_m_stage,VARCHAR,verified,patient_level_ajcc_overlay_dominant_tumor_mig266b_family,mig_132_patient_master_pathology_cluster_20260429, | mig_132 pathology cluster (Lane 23). AJCC7/8 + dominant tumor staging columns vs mig_266b manuscript adjudication spine.,10871,0,10871,2,2,0,0,10871,9053,0,0.0,83.277,0.018,controlled_vocab_candidate,stage,True,0,0
7,ajcc8_missing_components,VARCHAR,verified,derivation_ajcc_calculability_check,mig_143_patient_master_small_clusters_bundle_20260429, | mig_143 AJCC-component shard STRING_AGG payloads; **`ajcc8_calculable_flag` NOT naive “(T+N+M+age) ALL non-null”** — see CF-mig143-AJCC8-CALC-NOT-NAIVE4 vs naive probe **112**. Ordering-independent equality via list_sort/tokenizer on CSV-style missing lists.,10871,4082,6789,1,1,0,0,0,6789,0,37.549,100.0,0.015,degenerate_single_value,stage,True,0,0
8,ajcc8_n_stage,VARCHAR,verified,patient_level_ajcc_overlay_dominant_tumor_mig266b_family,mig_132_patient_master_pathology_cluster_20260429, | mig_132 pathology cluster (Lane 23). AJCC7/8 + dominant tumor staging columns vs mig_266b manuscript adjudication spine.,10871,5381,5490,4,4,0,0,5490,2640,0,49.499,48.087,0.073,controlled_vocab_candidate,stage,True,0,0
10,ajcc8_stage_group,VARCHAR,verified,patient_level_ajcc_overlay_dominant_tumor_mig266b_family,mig_132_patient_master_pathology_cluster_20260429, | mig_132 pathology cluster (Lane 23). AJCC7/8 + dominant tumor staging columns vs mig_266b manuscript adjudication spine.,10871,6740,4131,4,4,0,0,4131,1728,0,62.0,41.83,0.097,controlled_vocab_candidate,stage,True,0,0
11,ajcc8_t_stage_with_microete_t3b_DEPRECATED,VARCHAR,verified,patient_level_ajcc_overlay_dominant_tumor_mig266b_family,mig_132_patient_master_pathology_cluster_20260429, | mig_132 pathology cluster (Lane 23). AJCC7/8 + dominant tumor staging columns vs mig_266b manuscript adjudication spine.,10871,6733,4138,5,5,0,0,4138,1318,0,61.935,31.851,0.121,controlled_vocab_candidate,stage,True,0,0
15,ames_risk,VARCHAR,verified,derivation_vs_canonical_path_malignant_patient_rollup_v1,mig_155_patient_master_risk_scoring_survival_genetics_cluster_20260429, | mig_155 risk-scoring cluster (155d AMES). AMES categorical ladder; ames_risk stored VARCHAR (CF-mig155-AMES-RISK-VARCHAR).,10871,0,10871,2,2,0,0,0,7484,0,0.0,68.844,0.018,controlled_vocab_candidate,risk_scoring,True,0,0
16,ames_risk_group,VARCHAR,verified,derivation_vs_canonical_path_malignant_patient_rollup_v1,mig_155_patient_master_risk_scoring_survival_genetics_cluster_20260429, | mig_155 risk-scoring cluster (155d AMES). AMES categorical ladder; ames_risk stored VARCHAR (CF-mig155-AMES-RISK-VARCHAR).,10871,0,10871,2,2,0,0,0,7484,0,0.0,68.844,0.018,controlled_vocab_candidate,risk_scoring,True,0,0
26,ata_initial_risk,VARCHAR,verified,derivation_vs_canonical_path_malignant_patient_rollup_v1,mig_155_patient_master_risk_scoring_survival_genetics_cluster_20260429, | mig_155 risk-scoring cluster (155a ATA initial). 2015 ATA initial stratification from malignant path rollups + staging inputs; calculability mirrors scoring_ata_flag / ata_calculable_flag. CF-mig155-ATA-INITIAL-VS-CATEGORY-DUP (100% equality ata_initial_risk vs ata_risk_category).,10871,7727,3144,3,3,0,0,0,1835,0,71.079,58.365,0.095,controlled_vocab_candidate,risk_scoring,True,0,0
28,ata_response_category,VARCHAR,verified,derivation_vs_note_entities_llm_dynamic_risk_response,mig_155_patient_master_risk_scoring_survival_genetics_cluster_20260429, | mig_155 risk-scoring cluster (155b ATA response). NLP dynamic-risk-response entities rolled to patient grain; NOT recurrence endpoints. CF-mig155-DYNAMIC-RISK-NLP-SSOT (no canonical_dynamic_risk_response_* table in main). CF-mig155-COHORT-NEAR-UNIFORM-TRUE-ata_response_calculable_flag; CF-mig155-COHORT-NEAR-UNIFORM-TRUE-ata_response_is_provisional.,10871,10836,35,5,5,0,0,0,23,0,99.678,65.714,14.286,controlled_vocab_candidate,risk_scoring,True,0,0
31,ata_risk_category,VARCHAR,verified,derivation_vs_canonical_path_malignant_patient_rollup_v1,mig_155_patient_master_risk_scoring_survival_genetics_cluster_20260429, | mig_155 risk-scoring cluster (155a ATA initial). 2015 ATA initial stratification from malignant path rollups + staging inputs; calculability mirrors scoring_ata_flag / ata_calculable_flag. CF-mig155-ATA-INITIAL-VS-CATEGORY-DUP (100% equality ata_initial_risk vs ata_risk_category).,10871,7727,3144,3,3,0,0,0,1835,0,71.079,58.365,0.095,controlled_vocab_candidate,risk_scoring,True,0,0
32,best_ene_grade,VARCHAR,verified,derivation_ene_multisource_mig114_gm_path_raw,mig_133_patient_master_lymph_node_cluster_20260429, | mig_133 lymph_node cluster (Lane 24). ENE v9 + imaging concordance vs ete_subgrade / invasion canonicals; gm_path_ene_raw path spine.,10871,9275,1596,12,12,0,0,0,1238,0,85.319,77.569,0.752,controlled_vocab_candidate,other,True,1,1
36,bethesda_category,VARCHAR,verified,derivation_vs_canonical_fna_events_bethesda_cluster,mig_132_patient_master_pathology_cluster_20260429, | mig_132 pathology cluster (Lane 23). bethesda_* vs canonical_fna_events_v1 (mig_78/mig_96 lineage).,10871,5845,5026,6,6,0,0,5026,2033,0,53.767,40.45,0.119,controlled_vocab_candidate,other,True,0,0
38,bethesda_final_name,VARCHAR,verified,derivation_vs_canonical_fna_events_bethesda_cluster,mig_132_patient_master_pathology_cluster_20260429, | mig_132 pathology cluster (Lane 23). bethesda_* vs canonical_fna_events_v1 (mig_78/mig_96 lineage).,10871,5845,5026,6,6,0,0,5026,2033,0,53.767,40.45,0.119,controlled_vocab_candidate,other,True,0,0
40,bethesda_source,VARCHAR,verified,derivation_vs_canonical_fna_events_bethesda_cluster,mig_132_patient_master_pathology_cluster_20260429, | mig_132 pathology cluster (Lane 23). bethesda_* vs canonical_fna_events_v1 (mig_78/mig_96 lineage).,10871,5605,5266,1,1,0,0,0,5266,0,51.559,100.0,0.019,degenerate_single_value,provenance,True,0,0
47,bmi_note_source,VARCHAR,verified,derivation_bmi_hierarchy,mig_143_patient_master_small_clusters_bundle_20260429, | mig_143 BMI shard. anesthesia_vs_clinic_vs_NLP-note extraction ladder (+ missingness reason stamping) per operative/clinic consolidation feeders.,10871,10225,646,2,2,0,0,0,632,0,94.058,97.833,0.31,possible_enum_review,provenance,True,0,0
48,bmi_source,VARCHAR,verified,derivation_bmi_hierarchy,mig_143_patient_master_small_clusters_bundle_20260429, | mig_143 BMI shard. anesthesia_vs_clinic_vs_NLP-note extraction ladder (+ missingness reason stamping) per operative/clinic consolidation feeders.,10871,8786,2085,3,3,0,0,0,1409,0,80.821,67.578,0.144,possible_enum_review,provenance,True,0,0
49,braf_detection_method,VARCHAR,verified,derivation_vs_canonical_molecular_genetics_v2,mig_137_patient_master_molecular_cluster_20260429, | mig_137 molecular cluster (Lane 27). BRAF: v2 episode flags + variant columns (mig_116) + v7/v11 recovery passthrough; braf_positive_final replay 0-drift vs BOOL_OR(braf_flag) OR braf_recovered_status_v11=positive.,10871,10495,376,3,3,0,0,376,289,0,96.541,76.862,0.798,controlled_vocab_candidate,molecular,True,0,0
50,braf_detection_method_v11,VARCHAR,verified,derivation_vs_canonical_molecular_genetics_v2,mig_137_patient_master_molecular_cluster_20260429, | mig_137 molecular cluster (Lane 27). BRAF: v2 episode flags + variant columns (mig_116) + v7/v11 recovery passthrough; braf_positive_final replay 0-drift vs BOOL_OR(braf_flag) OR braf_recovered_status_v11=positive.,10871,10495,376,3,3,0,0,376,268,0,96.541,71.277,0.798,controlled_vocab_candidate,molecular,True,0,0
54,braf_recovered_status_v11,VARCHAR,verified,derivation_vs_canonical_molecular_genetics_v2,mig_137_patient_master_molecular_cluster_20260429, | mig_137 molecular cluster (Lane 27). BRAF: v2 episode flags + variant columns (mig_116) + v7/v11 recovery passthrough; braf_positive_final replay 0-drift vs BOOL_OR(braf_flag) OR braf_recovered_status_v11=positive.,10871,10495,376,1,1,0,0,0,376,0,96.541,100.0,0.266,degenerate_single_value,molecular,True,0,0
55,braf_recovered_variant_v11,VARCHAR,verified,derivation_vs_canonical_molecular_genetics_v2,mig_137_patient_master_molecular_cluster_20260429, | mig_137 molecular cluster (Lane 27). BRAF: v2 episode flags + variant columns (mig_116) + v7/v11 recovery passthrough; braf_positive_final replay 0-drift vs BOOL_OR(braf_flag) OR braf_recovered_status_v11=positive.,10871,10600,271,3,3,0,0,271,156,0,97.507,57.565,1.107,controlled_vocab_candidate,histology,True,0,0
56,braf_source,VARCHAR,verified,derivation_vs_canonical_molecular_genetics_v2,mig_137_patient_master_molecular_cluster_20260429, | mig_137 molecular cluster (Lane 27). BRAF: v2 episode flags + variant columns (mig_116) + v7/v11 recovery passthrough; braf_positive_final replay 0-drift vs BOOL_OR(braf_flag) OR braf_recovered_status_v11=positive.,10871,844,10027,2,2,0,0,0,9651,0,7.764,96.25,0.02,possible_enum_review,molecular,True,0,0
57,braf_status_v7,VARCHAR,verified,derivation_vs_canonical_molecular_genetics_v2,mig_137_patient_master_molecular_cluster_20260429, | mig_137 molecular cluster (Lane 27). BRAF: v2 episode flags + variant columns (mig_116) + v7/v11 recovery passthrough; braf_positive_final replay 0-drift vs BOOL_OR(braf_flag) OR braf_recovered_status_v11=positive.,10871,847,10024,2,2,0,0,0,9758,0,7.791,97.346,0.02,controlled_vocab_candidate,molecular,True,0,0
58,braf_variant,VARCHAR,verified,derivation_vs_canonical_molecular_genetics_v2,mig_137_patient_master_molecular_cluster_20260429, | mig_137 molecular cluster (Lane 27). BRAF: v2 episode flags + variant columns (mig_116) + v7/v11 recovery passthrough; braf_positive_final replay 0-drift vs BOOL_OR(braf_flag) OR braf_recovered_status_v11=positive.,10871,10698,173,2,2,0,0,173,151,0,98.409,87.283,1.156,controlled_vocab_candidate,histology,True,0,0
63,capsular_invasion_refined,VARCHAR,verified,derivation_vs_canonical_invasion_events_v1,mig_154_patient_master_pathology_invasion_cluster_20260429, | mig_154 pathology-invasion (154a capsular). BOOL_OR / ordinal worst from capsular-axis invasion events + path malignant feeder; spot vs invasion_type=capsular present rows. CF-mig154-PM-CAPSULAR-VS-EVENT-PRESENT (PM TRUE vs event-absent drift enumerated in header).,10871,9680,1191,2,2,0,0,0,1126,0,89.044,94.542,0.168,controlled_vocab_candidate,other,True,0,0
64,capsular_invasion_v6,VARCHAR,verified,derivation_vs_canonical_invasion_events_v1,mig_154_patient_master_pathology_invasion_cluster_20260429, | mig_154 pathology-invasion (154a capsular). BOOL_OR / ordinal worst from capsular-axis invasion events + path malignant feeder; spot vs invasion_type=capsular present rows. CF-mig154-PM-CAPSULAR-VS-EVENT-PRESENT (PM TRUE vs event-absent drift enumerated in header).,10871,9644,1227,3,3,0,0,0,1135,0,88.713,92.502,0.244,controlled_vocab_candidate,other,True,0,0
65,chyle_leak_status,VARCHAR,verified,derivation_legacy_complication_status_varchar_complications_table,mig_135_patient_master_complications_cluster_20260429, | mig_135 complications cluster (Lane 25). SSOT: canonical_complications_events_v1 + rollup mig_108; hypopara/hypocal cross-check mig_102 where applicable.,10871,0,10871,3,3,0,0,0,9283,0,0.0,85.392,0.028,controlled_vocab_candidate,other,True,0,0
72,comp_chyle_leak_timing_window,VARCHAR,verified,derivation_vs_canonical_complications_events_chyle_mig_98b,mig_135_patient_master_complications_cluster_20260429, | mig_135 complications cluster (Lane 25). SSOT: canonical_complications_events_v1 + rollup mig_108; hypopara/hypocal cross-check mig_102 where applicable.,10871,9283,1588,6,6,0,0,0,1429,0,85.392,89.987,0.378,controlled_vocab_candidate,complication,True,0,0
80,comp_hematoma_timing_window,VARCHAR,verified,derivation_vs_canonical_complications_events_hematoma_mig_98e,mig_135_patient_master_complications_cluster_20260429, | mig_135 complications cluster (Lane 25). SSOT: canonical_complications_events_v1 + rollup mig_108; hypopara/hypocal cross-check mig_102 where applicable.,10871,10618,253,5,5,0,0,0,196,0,97.673,77.47,1.976,controlled_vocab_candidate,complication,True,1,1
88,comp_hypocalcemia_timing_window,VARCHAR,verified,derivation_vs_canonical_complications_events_hypocalcemia_mig_98g_parathyroid_102,mig_135_patient_master_complications_cluster_20260429, | mig_135 complications cluster (Lane 25). SSOT: canonical_complications_events_v1 + rollup mig_108; hypopara/hypocal cross-check mig_102 where applicable.,10871,8994,1877,6,6,0,0,0,1200,0,82.734,63.932,0.32,controlled_vocab_candidate,complication,True,0,0
96,comp_hypoparathyroidism_timing_window,VARCHAR,verified,patient_level_complication_cross_validate_parathyroid_mig_102,mig_135_patient_master_complications_cluster_20260429, | mig_135 complications cluster (Lane 25). SSOT: canonical_complications_events_v1 + rollup mig_108; hypopara/hypocal cross-check mig_102 where applicable.,10871,10441,430,6,6,0,0,0,365,0,96.045,84.884,1.395,possible_enum_review,complication,True,3,3
104,comp_rln_injury_timing_window,VARCHAR,verified,derivation_vs_canonical_complications_events_rln_mig_98c,mig_135_patient_master_complications_cluster_20260429, | mig_135 complications cluster (Lane 25). SSOT: canonical_complications_events_v1 + rollup mig_108; hypopara/hypocal cross-check mig_102 where applicable.,10871,10140,731,6,6,0,0,0,631,0,93.276,86.32,0.821,controlled_vocab_candidate,complication,True,2,2
112,comp_seroma_timing_window,VARCHAR,verified,derivation_vs_canonical_complications_events_seroma_mig_98d,mig_135_patient_master_complications_cluster_20260429, | mig_135 complications cluster (Lane 25). SSOT: canonical_complications_events_v1 + rollup mig_108; hypopara/hypocal cross-check mig_102 where applicable.,10871,9997,874,6,6,0,0,0,541,0,91.96,61.899,0.686,controlled_vocab_candidate,complication,True,1,1
120,comp_vc_paralysis_timing_window,VARCHAR,verified,derivation_vs_canonical_complications_events_voice_nerve_mig_98c,mig_135_patient_master_complications_cluster_20260429, | mig_135 complications cluster (Lane 25). SSOT: canonical_complications_events_v1 + rollup mig_108; hypopara/hypocal cross-check mig_102 where applicable.,10871,10783,88,5,5,0,0,0,63,0,99.191,71.591,5.682,controlled_vocab_candidate,complication,True,0,0
128,comp_vc_paresis_timing_window,VARCHAR,verified,derivation_vs_canonical_complications_events_voice_nerve_mig_98c,mig_135_patient_master_complications_cluster_20260429, | mig_135 complications cluster (Lane 25). SSOT: canonical_complications_events_v1 + rollup mig_108; hypopara/hypocal cross-check mig_102 where applicable.,10871,10800,71,4,4,0,0,0,51,0,99.347,71.831,5.634,controlled_vocab_candidate,complication,True,0,0
138,comp_wound_infection_timing_window,VARCHAR,verified,derivation_vs_canonical_complications_events_wound_infection_mig_98_family,mig_135_patient_master_complications_cluster_20260429, | mig_135 complications cluster (Lane 25). SSOT: canonical_complications_events_v1 + rollup mig_108; hypopara/hypocal cross-check mig_102 where applicable.,10871,10855,16,5,5,0,0,0,7,0,99.853,43.75,31.25,controlled_vocab_candidate,complication,True,0,0
142,completion_histology_type,VARCHAR,verified,patient_level_ajcc_overlay_dominant_tumor_mig266b_family,mig_132_patient_master_pathology_cluster_20260429, | mig_132 pathology cluster (Lane 23). AJCC7/8 + dominant tumor staging columns vs mig_266b manuscript adjudication spine.,10871,10683,188,11,8,6,0,180,153,3,98.271,81.383,4.255,controlled_vocab_candidate,histology,True,3,5
143,completion_prior_histology,VARCHAR,verified,patient_level_ajcc_overlay_dominant_tumor_mig266b_family,mig_132_patient_master_pathology_cluster_20260429, | mig_132 pathology cluster (Lane 23). AJCC7/8 + dominant tumor staging columns vs mig_266b manuscript adjudication spine.,10871,10486,385,15,12,6,0,264,235,3,96.458,61.039,3.117,controlled_vocab_candidate,histology,True,7,10
146,completion_t_stage,VARCHAR,verified,patient_level_ajcc_overlay_dominant_tumor_mig266b_family,mig_132_patient_master_pathology_cluster_20260429, | mig_132 pathology cluster (Lane 23). AJCC7/8 + dominant tumor staging columns vs mig_266b manuscript adjudication spine.,10871,10761,110,8,8,0,0,0,43,0,98.988,39.091,7.273,controlled_vocab_candidate,stage,True,2,2
149,cross_fna_concordance,VARCHAR,verified,derivation_singleton_cohort_eligibility_v1,mig_156_patient_master_framework_provenance_cluster_20260429, | mig_156 framework cluster (156f singletons). is_malignant mixed benign+malignant cohort; analysis_eligible_flag analytic gate; cross_fna_concordance categorical.,10871,5659,5212,3,3,0,0,0,3390,0,52.056,65.042,0.058,controlled_vocab_candidate,other,True,0,0
163,demo_source,VARCHAR,verified,derivation_vs_gold_master_demographics_coalesce_207,mig_157_patient_master_clinical_residual_cluster_20260429, | mig_157 Lane 46 (157c). demo_confidence/demo_source from 207 expansion + CPM builder SSOT.,10871,0,10871,2,2,0,0,0,10862,0,0.0,99.917,0.018,possible_enum_review,provenance,True,1,1
164,diagnosis_confidence,VARCHAR,verified,derivation_vs_canonical_path_malignant_patient_rollup_v1,mig_157_patient_master_clinical_residual_cluster_20260429, | mig_157 Lane 46 (157b). diagnosis_* vs path_malignant patient rollup primary_dx / full string.,10871,0,10871,2,2,0,0,10871,10720,0,0.0,98.611,0.018,possible_enum_review,other,True,0,0
165,diagnosis_full,VARCHAR,verified,derivation_vs_canonical_path_malignant_patient_rollup_v1,mig_157_patient_master_clinical_residual_cluster_20260429, | mig_157 Lane 46 (157b). diagnosis_* vs path_malignant patient rollup primary_dx / full string.,10871,0,10871,36,36,0,0,4087,3982,0,0.0,36.63,0.331,controlled_vocab_candidate,other,True,8,8
166,diagnosis_primary,VARCHAR,verified,derivation_vs_canonical_path_malignant_patient_rollup_v1,mig_157_patient_master_clinical_residual_cluster_20260429, | mig_157 Lane 46 (157b). diagnosis_* vs path_malignant patient rollup primary_dx / full string.,10871,0,10871,25,25,0,0,4087,3982,0,0.0,36.63,0.23,controlled_vocab_candidate,other,True,5,5
167,diagnosis_variant,VARCHAR,verified,derivation_vs_canonical_path_malignant_patient_rollup_v1,mig_157_patient_master_clinical_residual_cluster_20260429, | mig_157 Lane 46 (157b). diagnosis_* vs path_malignant patient rollup primary_dx / full string.,10871,9355,1516,9,9,0,0,0,778,0,86.055,51.319,0.594,controlled_vocab_candidate,histology,True,0,0
172,ene_ct,VARCHAR,verified,derivation_ene_multisource_mig114_gm_path_raw,mig_133_patient_master_lymph_node_cluster_20260429, | mig_133 lymph_node cluster (Lane 24). ENE v9 + imaging concordance vs ete_subgrade / invasion canonicals; gm_path_ene_raw path spine.,10871,10502,369,4,4,0,0,0,224,0,96.606,60.705,1.084,controlled_vocab_candidate,other,True,0,0
174,ene_grade_v9,VARCHAR,verified,derivation_ene_multisource_mig114_gm_path_raw,mig_133_patient_master_lymph_node_cluster_20260429, | mig_133 lymph_node cluster (Lane 24). ENE v9 + imaging concordance vs ete_subgrade / invasion canonicals; gm_path_ene_raw path spine.,10871,9605,1266,4,4,0,0,0,1250,0,88.354,98.736,0.316,controlled_vocab_candidate,other,True,0,0
175,ene_levels_v9,VARCHAR,verified,derivation_ene_multisource_mig114_gm_path_raw,mig_133_patient_master_lymph_node_cluster_20260429, | mig_133 lymph_node cluster (Lane 24). ENE v9 + imaging concordance vs ete_subgrade / invasion canonicals; gm_path_ene_raw path spine.,10871,10827,44,15,12,0,0,10,12,3,99.595,27.273,27.273,controlled_vocab_candidate,other,True,0,3
177,ene_op_intraop,VARCHAR,verified,derivation_ene_multisource_mig114_gm_path_raw,mig_133_patient_master_lymph_node_cluster_20260429, | mig_133 lymph_node cluster (Lane 24). ENE v9 + imaging concordance vs ete_subgrade / invasion canonicals; gm_path_ene_raw path spine.,10871,10859,12,3,3,0,0,0,6,0,99.89,50.0,25.0,controlled_vocab_candidate,other,True,0,0
178,ene_path_ct_concordance,VARCHAR,verified,derivation_ene_multisource_mig114_gm_path_raw,mig_133_patient_master_lymph_node_cluster_20260429, | mig_133 lymph_node cluster (Lane 24). ENE v9 + imaging concordance vs ete_subgrade / invasion canonicals; gm_path_ene_raw path spine.,10871,9275,1596,3,3,0,0,0,1412,0,85.319,88.471,0.188,controlled_vocab_candidate,other,True,1,1
179,ene_path_levels,VARCHAR,verified,derivation_ene_multisource_mig114_gm_path_raw,mig_133_patient_master_lymph_node_cluster_20260429, | mig_133 lymph_node cluster (Lane 24). ENE v9 + imaging concordance vs ete_subgrade / invasion canonicals; gm_path_ene_raw path spine.,10871,10853,18,14,11,0,0,12,3,3,99.834,16.667,61.111,controlled_vocab_candidate,other,True,0,3
180,ene_path_nlp,VARCHAR,verified,derivation_ene_multisource_mig114_gm_path_raw,mig_133_patient_master_lymph_node_cluster_20260429, | mig_133 lymph_node cluster (Lane 24). ENE v9 + imaging concordance vs ete_subgrade / invasion canonicals; gm_path_ene_raw path spine.,10871,10850,21,4,4,0,0,0,9,0,99.807,42.857,19.048,controlled_vocab_candidate,other,True,0,0
181,ene_path_synoptic,VARCHAR,verified,synoptic_surface_upstream_preservation_no_row_number,mig_132_patient_master_pathology_cluster_20260429, | mig_132 pathology cluster (Lane 23). syn_* + ene_path_synoptic; upstream synoptic_row_ix preserved — never ROW_NUMBER()-synthesized.,10871,9605,1266,4,4,0,0,0,1248,0,88.354,98.578,0.316,controlled_vocab_candidate,other,True,0,0
182,ene_pet,VARCHAR,verified,derivation_ene_multisource_mig114_gm_path_raw,mig_133_patient_master_lymph_node_cluster_20260429, | mig_133 lymph_node cluster (Lane 24). ENE v9 + imaging concordance vs ete_subgrade / invasion canonicals; gm_path_ene_raw path spine.,10871,10808,63,2,2,0,0,0,60,0,99.42,95.238,3.175,controlled_vocab_candidate,other,True,0,0
184,ene_rai_scan,VARCHAR,verified,derivation_ene_multisource_mig114_gm_path_raw,mig_133_patient_master_lymph_node_cluster_20260429, | mig_133 lymph_node cluster (Lane 24). ENE v9 + imaging concordance vs ete_subgrade / invasion canonicals; gm_path_ene_raw path spine.,10871,10671,200,2,2,0,0,0,161,0,98.16,80.5,1.0,controlled_vocab_candidate,treatment,True,0,0
186,ene_us,VARCHAR,verified,derivation_ene_multisource_mig114_gm_path_raw,mig_133_patient_master_lymph_node_cluster_20260429, | mig_133 lymph_node cluster (Lane 24). ENE v9 + imaging concordance vs ete_subgrade / invasion canonicals; gm_path_ene_raw path spine.,10871,10406,465,3,3,0,0,0,351,0,95.723,75.484,0.645,controlled_vocab_candidate,other,True,0,0
187,ete_grade,VARCHAR,verified,derivation_vs_canonical_ete_event_resolved_v1,mig_140_patient_master_ete_cluster_20260429, | mig_140 ETE cluster (Lane 29). Grade ladder vs mig121 Tier-2 resolved + adjudication precedence per canonical_finalization mapping (ete_grade_final vs ete_grade_final_v2 generations); INT ete_ordinal_worst ordinal-aligned.,10871,6752,4119,6,6,0,0,0,2580,0,62.11,62.637,0.146,controlled_vocab_candidate,other,True,1,1
188,ete_grade_source,VARCHAR,verified,derivation_vs_canonical_ete_event_resolved_v1,mig_140_patient_master_ete_cluster_20260429, | mig_140 ETE cluster (Lane 29). Grade ladder vs mig121 Tier-2 resolved + adjudication precedence per canonical_finalization mapping (ete_grade_final vs ete_grade_final_v2 generations); INT ete_ordinal_worst ordinal-aligned.,10871,0,10871,3,3,0,0,0,6937,0,0.0,63.812,0.028,possible_enum_review,provenance,True,0,0
189,ete_op_note_confidence,VARCHAR,verified,derivation_vs_canonical_ete_event_resolved_v1,mig_140_patient_master_ete_cluster_20260429, | mig_140 ETE cluster (Lane 29). Grade ladder vs mig121 Tier-2 resolved + adjudication precedence per canonical_finalization mapping (ete_grade_final vs ete_grade_final_v2 generations); INT ete_ordinal_worst ordinal-aligned.,10871,10688,183,4,4,0,0,0,155,0,98.317,84.699,2.186,possible_enum_review,other,True,0,0
190,ete_op_note_grade,VARCHAR,verified,derivation_vs_canonical_ete_event_resolved_v1,mig_140_patient_master_ete_cluster_20260429, | mig_140 ETE cluster (Lane 29). Grade ladder vs mig121 Tier-2 resolved + adjudication precedence per canonical_finalization mapping (ete_grade_final vs ete_grade_final_v2 generations); INT ete_ordinal_worst ordinal-aligned.,10871,10688,183,3,3,0,0,0,161,0,98.317,87.978,1.639,controlled_vocab_candidate,other,True,1,1
191,ete_original_grade,VARCHAR,verified,derivation_vs_canonical_ete_event_resolved_v1,mig_140_patient_master_ete_cluster_20260429, | mig_140 ETE cluster (Lane 29). Grade ladder vs mig121 Tier-2 resolved + adjudication precedence per canonical_finalization mapping (ete_grade_final vs ete_grade_final_v2 generations); INT ete_ordinal_worst ordinal-aligned.,10871,7313,3558,1,1,0,0,0,3558,0,67.271,100.0,0.028,degenerate_single_value,other,True,0,0
192,ete_original_source,VARCHAR,verified,derivation_vs_canonical_ete_event_resolved_v1,mig_140_patient_master_ete_cluster_20260429, | mig_140 ETE cluster (Lane 29). Grade ladder vs mig121 Tier-2 resolved + adjudication precedence per canonical_finalization mapping (ete_grade_final vs ete_grade_final_v2 generations); INT ete_ordinal_worst ordinal-aligned.,10871,7313,3558,1,1,0,0,0,3558,0,67.271,100.0,0.028,degenerate_single_value,provenance,True,0,0
193,ete_refined_grade,VARCHAR,verified,derivation_vs_canonical_ete_subgrade_events_v1,mig_140_patient_master_ete_cluster_20260429, | mig_140 ETE cluster (Lane 29). worst_ete_v10 + ete_refined_grade pinned to mig114 canonical_ete_subgrade_events_v1 / rollup worst-mention logic.,10871,7313,3558,4,4,0,0,0,3375,0,67.271,94.857,0.112,controlled_vocab_candidate,other,True,1,1
194,ete_subgrade_method,VARCHAR,verified,derivation_vs_canonical_ete_subgrade_events_v1,mig_140_patient_master_ete_cluster_20260429, | mig_140 ETE cluster (Lane 29). Subgrade method/note passthrough vs mig114 note_entities_llm_ete_subgrade canonical tier.,10871,7313,3558,2,2,0,0,0,3375,0,67.271,94.857,0.056,controlled_vocab_candidate,provenance,True,0,0
195,ete_subgrade_note,VARCHAR,verified,derivation_vs_canonical_ete_subgrade_events_v1,mig_140_patient_master_ete_cluster_20260429, | mig_140 ETE cluster (Lane 29). Subgrade method/note passthrough vs mig114 note_entities_llm_ete_subgrade canonical tier.,10871,10688,183,3,3,0,0,0,154,0,98.317,84.153,1.639,controlled_vocab_candidate,other,True,1,1
200,fna_bethesda_source,VARCHAR,verified,derivation_vs_canonical_fna_patient_rollup_v1,mig_143_patient_master_small_clusters_bundle_20260429, | mig_143 small-clusters Lane 32 (FNA/rollup shard). bitwise 0-drift replay vs main.canonical_fna_patient_rollup_v1 (mig_95b) per prompt6_356 CPM_REPOINT_MAP; feeder SSOTcanonical_fna_events_v1 mig_78/mig_96 family.,10871,5605,5266,1,1,0,0,0,5266,0,51.559,100.0,0.019,degenerate_single_value,provenance,True,0,0
202,fna_path_concordance_category,VARCHAR,verified,derivation_fna_path_concordance_chain,mig_143_patient_master_small_clusters_bundle_20260429, | mig_143 small-clusters Lane 32 (concordance shard). Bethesda category vs final histology adjudication taxonomy (Scripts 205/265 lineage; TP/TN/discord lanes per surgical cohort enrichment); BOOL `fna_path_concordant` non-degenerate.,10871,5622,5249,4,4,0,0,0,3081,0,51.716,58.697,0.076,controlled_vocab_candidate,other,True,0,0
204,fna_path_outcome,VARCHAR,verified,derivation_fna_path_concordance_chain,mig_143_patient_master_small_clusters_bundle_20260429, | mig_143 small-clusters Lane 32 (concordance shard). Bethesda category vs final histology adjudication taxonomy (Scripts 205/265 lineage; TP/TN/discord lanes per surgical cohort enrichment); BOOL `fna_path_concordant` non-degenerate.,10871,0,10871,4,4,0,0,0,6562,0,0.0,60.362,0.037,controlled_vocab_candidate,other,True,0,0
205,followup_category,VARCHAR,verified,patient_level_aggregate_followup_per_source,mig_141_patient_master_survival_cluster_20260429, | mig_141 survival cluster (Lane 30). Follow-up stack vs Script 233/218 union + canonical_survival_followup_v1 spine (not naive equality to days_from_first_surgery_to_last_contact alone); DATE-typed calendar anchors for followup_or_death_date per feedback_clinical_dates_calendar_only.,10871,0,10871,6,6,0,0,0,7719,0,0.0,71.005,0.055,controlled_vocab_candidate,other,True,0,0
214,gland_weight_source,VARCHAR,verified,cross_source_pathology_gland_weight_resolution,mig_157_patient_master_clinical_residual_cluster_20260429, | mig_157 Lane 46 (157f). gland_weight_* DOUBLE vs structured pathology feeds + rollup tiebreaker. | CF-mig157-VALUE-DEGENERATE-UPSTREAM-gland_weight_source: single distinct string in cohort.,10871,1458,9413,1,1,0,0,0,9413,0,13.412,100.0,0.011,degenerate_single_value,provenance,True,0,0
218,gm_path_ene_raw,VARCHAR,verified,derivation_ene_multisource_mig114_gm_path_raw,mig_133_patient_master_lymph_node_cluster_20260429, | mig_133 lymph_node cluster (Lane 24). ENE v9 + imaging concordance vs ete_subgrade / invasion canonicals; gm_path_ene_raw path spine.,10871,9644,1227,60,55,2,1,29,826,4,88.713,67.319,4.482,free_text_or_identifier,other,False,0,0
219,gm_path_ete_raw,VARCHAR,verified,derivation_vs_canonical_path_malignant_events_v1,mig_140_patient_master_ete_cluster_20260429, | mig_140 ETE cluster (Lane 29). Path-aligned BOOL/VARCHAR replay vs mig_89 canonical_path_malignant_events_v1 gross/raw/NLP mirrors.,10871,6796,4075,31,28,0,0,13,3234,3,62.515,79.362,0.687,possible_enum_review,other,True,16,19
220,gm_path_lvi_raw,VARCHAR,verified,helper_script_gm_metadata_provenance_passthrough_v1,mig_156_patient_master_framework_provenance_cluster_20260429," | mig_156 framework cluster (156c GM). Passthrough / harmonized metadata (lab completeness, MACIS flag, path raw strings, recurrence provenance chain); CF-mig156-GM-RECURRENCE-SITE-ALLNULL where applicable.",10871,7505,3366,16,16,0,0,1,2575,0,69.037,76.5,0.475,possible_enum_review,other,True,10,10
221,gm_path_m_stage_raw,VARCHAR,verified,derivation_vs_canonical_path_events_and_gm_raw_feed,mig_132_patient_master_pathology_cluster_20260429, | mig_132 pathology cluster (Lane 23). path_* + gm_path_* aligned to mig_89/mig_97b/mig_110 canonical path family.,10871,6866,4005,8,6,0,0,1401,2577,2,63.159,64.345,0.15,possible_enum_review,stage,True,2,4
222,gm_path_pni_raw,VARCHAR,verified,helper_script_gm_metadata_provenance_passthrough_v1,mig_156_patient_master_framework_provenance_cluster_20260429," | mig_156 framework cluster (156c GM). Passthrough / harmonized metadata (lab completeness, MACIS flag, path raw strings, recurrence provenance chain); CF-mig156-GM-RECURRENCE-SITE-ALLNULL where applicable.",10871,9433,1438,6,5,0,0,1,1340,1,86.772,93.185,0.348,possible_enum_review,other,True,2,3
223,gm_path_stage_raw,VARCHAR,verified,derivation_vs_canonical_path_events_and_gm_raw_feed,mig_132_patient_master_pathology_cluster_20260429, | mig_132 pathology cluster (Lane 23). path_* + gm_path_* aligned to mig_89/mig_97b/mig_110 canonical path family.,10871,6737,4134,11,11,0,0,4134,1881,0,61.972,45.501,0.266,possible_enum_review,stage,True,5,5
224,gm_path_vascular_inv_raw,VARCHAR,verified,helper_script_gm_metadata_provenance_passthrough_v1,mig_156_patient_master_framework_provenance_cluster_20260429," | mig_156 framework cluster (156c GM). Passthrough / harmonized metadata (lab completeness, MACIS flag, path raw strings, recurrence provenance chain); CF-mig156-GM-RECURRENCE-SITE-ALLNULL where applicable.",10871,7189,3682,19,17,0,0,5,2993,2,66.13,81.287,0.462,possible_enum_review,other,True,11,13
226,gm_rai_date_confidence,VARCHAR,verified,auto_provenance_skip,mig_142_patient_master_rai_cluster_20260429, | mig_142 gm_rai_date_* provenance mirror — skip redundant replay.,10871,10290,581,5,5,0,0,0,267,0,94.656,45.955,0.861,date_or_timestamp_text,treatment,False,0,0
227,gm_rai_date_source,VARCHAR,verified,auto_provenance_skip,mig_142_patient_master_rai_cluster_20260429, | mig_142 gm_rai_date_* provenance mirror — skip redundant replay.,10871,10290,581,2,2,0,0,0,548,0,94.656,94.32,0.344,date_or_timestamp_text,treatment,False,0,0
228,gm_recurrence_date_source,VARCHAR,verified,helper_script_gm_metadata_provenance_passthrough_v1,mig_156_patient_master_framework_provenance_cluster_20260429," | mig_156 framework cluster (156c GM). Passthrough / harmonized metadata (lab completeness, MACIS flag, path raw strings, recurrence provenance chain); CF-mig156-GM-RECURRENCE-SITE-ALLNULL where applicable.",10871,10689,182,2,2,0,0,0,128,0,98.326,70.33,1.099,date_or_timestamp_text,recurrence_survival,False,0,0
229,gm_recurrence_site_primary,VARCHAR,verified,helper_script_gm_metadata_provenance_passthrough_v1,mig_156_patient_master_framework_provenance_cluster_20260429," | mig_156 framework cluster (156c GM). Passthrough / harmonized metadata (lab completeness, MACIS flag, path raw strings, recurrence provenance chain); CF-mig156-GM-RECURRENCE-SITE-ALLNULL where applicable.",10871,10871,0,0,0,0,0,0,0,0,100.0,0.0,0.0,empty_verified_varchar,recurrence_survival,False,0,0
230,gm_recurrence_source,VARCHAR,verified,helper_script_gm_metadata_provenance_passthrough_v1,mig_156_patient_master_framework_provenance_cluster_20260429," | mig_156 framework cluster (156c GM). Passthrough / harmonized metadata (lab completeness, MACIS flag, path raw strings, recurrence provenance chain); CF-mig156-GM-RECURRENCE-SITE-ALLNULL where applicable.",10871,8925,1946,2,2,0,0,0,1818,0,82.099,93.422,0.103,possible_enum_review,recurrence_survival,True,0,0
231,gm_recurrence_type_primary,VARCHAR,verified,helper_script_gm_metadata_provenance_passthrough_v1,mig_156_patient_master_framework_provenance_cluster_20260429," | mig_156 framework cluster (156c GM). Passthrough / harmonized metadata (lab completeness, MACIS flag, path raw strings, recurrence provenance chain); CF-mig156-GM-RECURRENCE-SITE-ALLNULL where applicable.",10871,8925,1946,2,2,0,0,0,1818,0,82.099,93.422,0.103,controlled_vocab_candidate,recurrence_survival,True,0,0
238,hematoma_status,VARCHAR,verified,derivation_legacy_complication_status_varchar_complications_table,mig_135_patient_master_complications_cluster_20260429, | mig_135 complications cluster (Lane 25). SSOT: canonical_complications_events_v1 + rollup mig_108; hypopara/hypocal cross-check mig_102 where applicable.,10871,0,10871,4,4,0,0,0,10618,0,0.0,97.673,0.037,controlled_vocab_candidate,other,True,0,0
240,histology_final,VARCHAR,verified,tumor_histology_counts_and_size_rollups_path_family,mig_132_patient_master_pathology_cluster_20260429, | mig_132 pathology cluster (Lane 23). histology_final/source + n_tumors* + tumor_size_* rollups vs path rollup canonicals.,10871,6734,4137,38,38,0,0,3559,3075,0,61.945,74.329,0.919,controlled_vocab_candidate,histology,True,28,28
241,histology_source,VARCHAR,verified,tumor_histology_counts_and_size_rollups_path_family,mig_132_patient_master_pathology_cluster_20260429, | mig_132 pathology cluster (Lane 23). histology_final/source + n_tumors* + tumor_size_* rollups vs path rollup canonicals.,10871,0,10871,1,1,0,0,0,10871,0,0.0,100.0,0.009,degenerate_single_value,histology,True,0,0
243,hypocalcemia_status,VARCHAR,verified,derivation_legacy_complication_status_varchar_complications_table,mig_135_patient_master_complications_cluster_20260429, | mig_135 complications cluster (Lane 25). SSOT: canonical_complications_events_v1 + rollup mig_108; hypopara/hypocal cross-check mig_102 where applicable.,10871,0,10871,6,6,0,0,0,7979,0,0.0,73.397,0.055,controlled_vocab_candidate,other,True,1,1
244,hypoparathyroidism_status,VARCHAR,verified,derivation_legacy_complication_status_varchar_complications_table,mig_135_patient_master_complications_cluster_20260429, | mig_135 complications cluster (Lane 25). SSOT: canonical_complications_events_v1 + rollup mig_108; hypopara/hypocal cross-check mig_102 where applicable.,10871,0,10871,6,6,0,0,0,7979,0,0.0,73.397,0.055,possible_enum_review,other,True,1,1
246,ihc_braf_note_type_v13,VARCHAR,verified,cross_validate_vs_canonical_molecular_genetics_v2,mig_154_patient_master_pathology_invasion_cluster_20260429, | mig_154 pathology-invasion (154f IHC BRAF). Tier: note_entities_llm_pathology + canonical_molecular_genetics_v2.braf_flag; CF-mig154-IHC-BRAF-MOLECULAR-CROSSCHECK (sparse 2-row IHC result envelope 2026-04-29).,10871,10869,2,2,2,0,0,0,1,0,99.982,50.0,100.0,controlled_vocab_candidate,molecular,True,0,0
247,ihc_braf_result_v13,VARCHAR,verified,cross_validate_vs_canonical_molecular_genetics_v2,mig_154_patient_master_pathology_invasion_cluster_20260429, | mig_154 pathology-invasion (154f IHC BRAF). Tier: note_entities_llm_pathology + canonical_molecular_genetics_v2.braf_flag; CF-mig154-IHC-BRAF-MOLECULAR-CROSSCHECK (sparse 2-row IHC result envelope 2026-04-29).,10871,10869,2,2,2,0,0,0,1,0,99.982,50.0,100.0,controlled_vocab_candidate,molecular,True,0,0
254,last_contact_source,VARCHAR,verified,derivation_vs_canonical_recurrence_v1_min_date_and_lab_tg_extrema_and_multi_feed_contact,mig_157_patient_master_clinical_residual_cluster_20260429, | mig_157 Lane 46 (157d). first_recurrence_* vs canonical_recurrence_v1; first_tg_*/last_tg_* vs canonical_labs_thyroglobulin_v1 MIN/MAX; last_contact_* multi-feed MAX (CF LAST-CONTACT tiebreaker). | CF-mig157-LAST-CONTACT-MULTI-FEED-RESOLUTION: MAX over feeds; last_contact_source 41-tier provenance mix.,10871,0,10871,41,41,0,0,0,6630,0,0.0,60.988,0.377,free_text_or_identifier,provenance,False,0,0
256,lateral_detection_method,VARCHAR,verified,derivation_vs_consolidation_lateral_neck_v10_cleaning,mig_157_patient_master_clinical_residual_cluster_20260429, | mig_157 Lane 46 (157g). lateral_*_v10 version-pinned lateral neck dissection fields.,10871,10752,119,8,8,0,0,0,41,0,98.905,34.454,6.723,controlled_vocab_candidate,provenance,True,1,1
257,lateral_levels_v10,VARCHAR,verified,derivation_vs_consolidation_lateral_neck_v10_cleaning,mig_157_patient_master_clinical_residual_cluster_20260429, | mig_157 Lane 46 (157g). lateral_*_v10 version-pinned lateral neck dissection fields.,10871,10804,67,21,17,0,0,48,16,4,99.384,23.881,25.373,controlled_vocab_candidate,other,True,0,4
259,lateral_side_v10,VARCHAR,verified,derivation_vs_consolidation_lateral_neck_v10_cleaning,mig_157_patient_master_clinical_residual_cluster_20260429, | mig_157 Lane 46 (157g). lateral_*_v10 version-pinned lateral neck dissection fields.,10871,10777,94,2,2,0,0,0,74,0,99.135,78.723,2.128,possible_enum_review,laterality,True,0,0
260,lateral_source_v10,VARCHAR,verified,derivation_vs_consolidation_lateral_neck_v10_cleaning,mig_157_patient_master_clinical_residual_cluster_20260429, | mig_157 Lane 46 (157g). lateral_*_v10 version-pinned lateral neck dissection fields.,10871,10752,119,2,2,0,0,0,78,0,98.905,65.546,1.681,possible_enum_review,provenance,True,0,0
262,ln_burden_band,VARCHAR,verified,derivation_ln_core_path_malignant_and_level_rollups_mig89,mig_133_patient_master_lymph_node_cluster_20260429, | mig_133 lymph_node cluster (Lane 24). ln_* counts/ratios/levels vs path malignant family + synoptic-level feeders; NULL bulk off-rollup patients.,10871,7060,3811,4,4,0,0,2630,2630,0,64.943,69.011,0.105,controlled_vocab_candidate,other,True,0,0
263,ln_ene_status,VARCHAR,verified,derivation_ln_core_path_malignant_and_level_rollups_mig89,mig_133_patient_master_lymph_node_cluster_20260429, | mig_133 lymph_node cluster (Lane 24). ln_* counts/ratios/levels vs path malignant family + synoptic-level feeders; NULL bulk off-rollup patients.,10871,9644,1227,60,55,2,1,29,826,4,88.713,67.319,4.482,high_cardinality_text,other,False,0,0
294,ln_rollup_crossval_status,VARCHAR,verified,derivation_ln_rollup_pathology_pair_internal_consistency,mig_133_patient_master_lymph_node_cluster_20260429, | mig_133 lymph_node cluster (Lane 24). ln_rollup_* wide nodal summary vs path rollups + cross-validation status.,10871,6885,3986,5,5,0,0,0,3748,0,63.334,94.029,0.125,controlled_vocab_candidate,other,True,1,1
297,ln_rollup_internal_consistency,VARCHAR,verified,derivation_ln_rollup_pathology_pair_internal_consistency,mig_133_patient_master_lymph_node_cluster_20260429, | mig_133 lymph_node cluster (Lane 24). ln_rollup_* wide nodal summary vs path rollups + cross-validation status.,10871,6885,3986,3,3,0,0,0,3846,0,63.334,96.488,0.075,controlled_vocab_candidate,other,True,0,0
312,ln_rollup_mets_ptc_variant,VARCHAR,verified,derivation_ln_rollup_pathology_pair_internal_consistency,mig_133_patient_master_lymph_node_cluster_20260429, | mig_133 lymph_node cluster (Lane 24). ln_rollup_* wide nodal summary vs path rollups + cross-validation status.,10871,10830,41,4,4,0,0,0,27,0,99.623,65.854,9.756,controlled_vocab_candidate,histology,True,0,0
316,ln_rollup_source,VARCHAR,verified,derivation_ln_rollup_pathology_pair_internal_consistency,mig_133_patient_master_lymph_node_cluster_20260429, | mig_133 lymph_node cluster (Lane 24). ln_rollup_* wide nodal summary vs path rollups + cross-validation status.,10871,6885,3986,3,3,0,0,0,3934,0,63.334,98.695,0.075,possible_enum_review,provenance,True,0,0
323,lvi_grade,VARCHAR,verified,derivation_vs_canonical_invasion_events_v1,mig_154_patient_master_pathology_invasion_cluster_20260429, | mig_154 pathology-invasion (154d LVI). Lymphatic_microscopic axis distinct from vascular VI union in builder. CF-mig154-PM-LVI-VS-EVENT-PRESENT.,10871,7505,3366,16,16,0,0,1,2575,0,69.037,76.5,0.475,controlled_vocab_candidate,other,True,10,10
325,macis_missing_components,VARCHAR,verified,derivation_vs_canonical_path_malignant_patient_rollup_v1,mig_155_patient_master_risk_scoring_survival_genetics_cluster_20260429, | mig_155 risk-scoring cluster (155c MACIS). MACIS ladder vs tumor/METS/Age/completeness/invasion inputs; macis_score DOUBLE; macis_missing_components list payload (CF-mig155-MACIS-MISSING-COMPONENTS-LIST). Script 51b semantic reference in Cowork header.,10871,4082,6789,1,1,0,0,0,6789,0,37.549,100.0,0.015,degenerate_single_value,risk_scoring,True,0,0
326,macis_risk_group,VARCHAR,verified,derivation_vs_canonical_path_malignant_patient_rollup_v1,mig_155_patient_master_risk_scoring_survival_genetics_cluster_20260429, | mig_155 risk-scoring cluster (155c MACIS). MACIS ladder vs tumor/METS/Age/completeness/invasion inputs; macis_score DOUBLE; macis_missing_components list payload (CF-mig155-MACIS-MISSING-COMPONENTS-LIST). Script 51b semantic reference in Cowork header.,10871,6789,4082,4,4,0,0,0,3987,0,62.451,97.673,0.098,controlled_vocab_candidate,risk_scoring,True,0,0
328,margin_r_class_v10,VARCHAR,verified,derivation_vs_canonical_path_malignant_events_v1,mig_154_patient_master_pathology_invasion_cluster_20260429, | mig_154 pathology-invasion (154e margin). Ordinal worst + R-class + margin_status_final resolver; DOUBLE mm triple from synoptic distance feed (CF-mig154-MARGIN-MM-VARCHAR-RETYPE CLEAR). Spot rids 5817/4279/8191/1062/6555.,10871,6908,3963,4,4,0,0,3963,3899,0,63.545,98.385,0.101,controlled_vocab_candidate,other,True,1,1
329,margin_r_classification,VARCHAR,verified,derivation_vs_canonical_path_malignant_events_v1,mig_154_patient_master_pathology_invasion_cluster_20260429, | mig_154 pathology-invasion (154e margin). Ordinal worst + R-class + margin_status_final resolver; DOUBLE mm triple from synoptic distance feed (CF-mig154-MARGIN-MM-VARCHAR-RETYPE CLEAR). Spot rids 5817/4279/8191/1062/6555.,10871,6914,3957,4,4,0,0,3957,3896,0,63.6,98.458,0.101,controlled_vocab_candidate,other,True,1,1
330,margin_status,VARCHAR,verified,derivation_vs_canonical_path_malignant_events_v1,mig_154_patient_master_pathology_invasion_cluster_20260429, | mig_154 pathology-invasion (154e margin). Ordinal worst + R-class + margin_status_final resolver; DOUBLE mm triple from synoptic distance feed (CF-mig154-MARGIN-MM-VARCHAR-RETYPE CLEAR). Spot rids 5817/4279/8191/1062/6555.,10871,6914,3957,4,4,0,0,3957,3896,0,63.6,98.458,0.101,controlled_vocab_candidate,other,True,1,1
338,med_nlp_extraction_method,VARCHAR,verified,derivation_vs_canonical_medications_events_v1_via_script215,mig_151_patient_master_meds_radtx_proc_cluster_20260429," | mig_151 meds/radtx/proc cluster (Lane 41). med_nlp_*: Script 215 SOURCE2 replay vs note_entities_medications present-only; list_sort note_types for STRING_AGG order-independence (CF-mig58). CF-mig151-MEDNLP-SPARSE-VS-ROLLUP: not canonical_medications_events tier. | mig_151b: CF-mig151-MED-METHODOLOGY-CORRECTED — original mig_151 verification_method named ""note_entities_medications"" which lives ONLY in archive_pub_v1_0 (pre-script-251 snapshot 2026-04-17). Live SSOT is canonical_medications_events_v1. Cowork spot-check med_nlp_levothyroxine: 1491 PM TRUE / 1351 canonical levothyroxine pts / 0 canon-only drift / 140 PM-only (Synthroid/Levoxyl spelling variants in archive snapshot not in current canonical). Values are extraction-faithful from the pre-archive snapshot Script 215 consumed; verification_method updated to name live canonical for re-runnability.",10871,8857,2014,1,1,0,0,0,2014,0,81.474,100.0,0.05,degenerate_single_value,provenance,True,0,0
343,med_nlp_note_types,VARCHAR,verified,derivation_vs_canonical_medications_events_v1_via_script215,mig_151_patient_master_meds_radtx_proc_cluster_20260429," | mig_151 meds/radtx/proc cluster (Lane 41). med_nlp_*: Script 215 SOURCE2 replay vs note_entities_medications present-only; list_sort note_types for STRING_AGG order-independence (CF-mig58). CF-mig151-MEDNLP-SPARSE-VS-ROLLUP: not canonical_medications_events tier. | mig_151b: CF-mig151-MED-METHODOLOGY-CORRECTED — original mig_151 verification_method named ""note_entities_medications"" which lives ONLY in archive_pub_v1_0 (pre-script-251 snapshot 2026-04-17). Live SSOT is canonical_medications_events_v1. Cowork spot-check med_nlp_levothyroxine: 1491 PM TRUE / 1351 canonical levothyroxine pts / 0 canon-only drift / 140 PM-only (Synthroid/Levoxyl spelling variants in archive snapshot not in current canonical). Values are extraction-faithful from the pre-archive snapshot Script 215 consumed; verification_method updated to name live canonical for re-runnability.",10871,8857,2014,41,41,0,0,0,974,0,81.474,48.361,2.036,high_cardinality_text,other,False,0,0
345,mol_genes_list,VARCHAR,verified,commercial_panel_passthrough_afirma_thyroseq,mig_137_patient_master_molecular_cluster_20260429, | mig_137 molecular cluster (Lane 27). mol_*: mig_265 collision family (canonical_molecular_tested_v1 primary for tested/platform counts — archived); molecular_tested_confirmed vs molecular_v2 row presence gap 327 pts (3.0%) expected. TIMESTAMP mol_*_date cols — CF-mig137-PM-MOL-DATE-RETYPE.,10871,10555,316,29,29,0,0,316,83,0,97.093,26.266,9.177,controlled_vocab_candidate,other,True,14,14
358,mol_platform,VARCHAR,verified,commercial_panel_passthrough_afirma_thyroseq,mig_137_patient_master_molecular_cluster_20260429, | mig_137 molecular cluster (Lane 27). mol_*: mig_265 collision family (canonical_molecular_tested_v1 primary for tested/platform counts — archived); molecular_tested_confirmed vs molecular_v2 row presence gap 327 pts (3.0%) expected. TIMESTAMP mol_*_date cols — CF-mig137-PM-MOL-DATE-RETYPE.,10871,9585,1286,5,5,0,0,970,618,0,88.17,48.056,0.389,controlled_vocab_candidate,other,True,1,1
360,mol_variant_classes,VARCHAR,verified,commercial_panel_passthrough_afirma_thyroseq,mig_137_patient_master_molecular_cluster_20260429, | mig_137 molecular cluster (Lane 27). mol_*: mig_265 collision family (canonical_molecular_tested_v1 primary for tested/platform counts — archived); molecular_tested_confirmed vs molecular_v2 row presence gap 327 pts (3.0%) expected. TIMESTAMP mol_*_date cols — CF-mig137-PM-MOL-DATE-RETYPE.,10871,10168,703,5,5,0,0,703,277,0,93.533,39.403,0.711,controlled_vocab_candidate,histology,True,0,0
361,molecular_data_confidence,VARCHAR,verified,commercial_panel_passthrough_afirma_thyroseq,mig_137_patient_master_molecular_cluster_20260429, | mig_137 molecular cluster (Lane 27). mol_*: mig_265 collision family (canonical_molecular_tested_v1 primary for tested/platform counts — archived); molecular_tested_confirmed vs molecular_v2 row presence gap 327 pts (3.0%) expected. TIMESTAMP mol_*_date cols — CF-mig137-PM-MOL-DATE-RETYPE.,10871,0,10871,2,2,0,0,10871,9585,0,0.0,88.17,0.018,possible_enum_review,risk_scoring,True,0,0
364,molecular_risk_tier,VARCHAR,verified,commercial_panel_passthrough_afirma_thyroseq,mig_137_patient_master_molecular_cluster_20260429, | mig_137 molecular cluster (Lane 27). mol_*: mig_265 collision family (canonical_molecular_tested_v1 primary for tested/platform counts — archived); molecular_tested_confirmed vs molecular_v2 row presence gap 327 pts (3.0%) expected. TIMESTAMP mol_*_date cols — CF-mig137-PM-MOL-DATE-RETYPE.,10871,6602,4269,4,4,0,0,0,3634,0,60.73,85.125,0.094,controlled_vocab_candidate,risk_scoring,True,0,0
367,mri_exam_type_first,VARCHAR,verified,derivation_vs_canonical_mri_mri_imaging_v1,mig_146_patient_master_mri_pet_imaging_cluster_20260429," | mig_146 MRI block (Lane 36 structured). Replay vs `main.mri_imaging`: MIN/MAX exam DATE (`mri_*_date`), exam counts (`mri_n_exams`), first-exam contrast/type/indication, BOOL_OR morphology + LN + vocal-cord booleans.",10871,10460,411,116,110,0,0,411,138,5,96.219,33.577,26.764,high_cardinality_text,other,False,0,0
372,mri_impression_first,VARCHAR,verified,extraction_faithfulness_vs_note_entities_llm_imaging_mri,mig_146_patient_master_mri_pet_imaging_cluster_20260429, | mig_146 MRI LLM narratives. Tier-1 note entity tables not materialized in publication DB (`CF-mig146-IMAGING-LLM-NO-PERSISTED-ENTITIES`); verifier trace = Script 216b B2 MRI JSON merge path + 219 textual consistency checks.,10871,10416,455,455,455,0,0,454,1,0,95.815,0.22,100.0,high_cardinality_text,other,False,0,0
373,mri_impression_last,VARCHAR,verified,extraction_faithfulness_vs_note_entities_llm_imaging_mri,mig_146_patient_master_mri_pet_imaging_cluster_20260429, | mig_146 MRI LLM narratives. Tier-1 note entity tables not materialized in publication DB (`CF-mig146-IMAGING-LLM-NO-PERSISTED-ENTITIES`); verifier trace = Script 216b B2 MRI JSON merge path + 219 textual consistency checks.,10871,10414,457,457,457,0,0,457,1,0,95.796,0.219,100.0,high_cardinality_text,other,False,0,0
374,mri_indication_first,VARCHAR,verified,derivation_vs_canonical_mri_mri_imaging_v1,mig_146_patient_master_mri_pet_imaging_cluster_20260429," | mig_146 MRI block (Lane 36 structured). Replay vs `main.mri_imaging`: MIN/MAX exam DATE (`mri_*_date`), exam counts (`mri_n_exams`), first-exam contrast/type/indication, BOOL_OR morphology + LN + vocal-cord booleans.",10871,10467,404,373,365,0,5,375,15,8,96.284,3.713,90.347,high_cardinality_text,other,False,0,0
375,mri_key_findings_last,VARCHAR,verified,extraction_faithfulness_vs_note_entities_llm_imaging_mri,mig_146_patient_master_mri_pet_imaging_cluster_20260429, | mig_146 MRI LLM narratives. Tier-1 note entity tables not materialized in publication DB (`CF-mig146-IMAGING-LLM-NO-PERSISTED-ENTITIES`); verifier trace = Script 216b B2 MRI JSON merge path + 219 textual consistency checks.,10871,10409,462,462,462,0,0,462,1,0,95.75,0.216,100.0,high_cardinality_text,other,False,0,0
381,mri_recommendation_last,VARCHAR,verified,extraction_faithfulness_vs_note_entities_llm_imaging_mri,mig_146_patient_master_mri_pet_imaging_cluster_20260429, | mig_146 MRI LLM narratives. Tier-1 note entity tables not materialized in publication DB (`CF-mig146-IMAGING-LLM-NO-PERSISTED-ENTITIES`); verifier trace = Script 216b B2 MRI JSON merge path + 219 textual consistency checks.,10871,10710,161,159,159,0,0,161,2,0,98.519,1.242,98.758,high_cardinality_text,other,False,0,0
384,mri_thyroid_assessment_worst,VARCHAR,verified,severity_ladder_aggregate_worst,mig_146_patient_master_mri_pet_imaging_cluster_20260429, | mig_146 ordinal worst-of-exams rollup (MRI thyroid assessment dominance ladder; PET LLM `overall_assessment` ladder from 216b B1 aggregated per research_id — see extractor hierarchy strings).,10871,10444,427,5,5,0,0,0,125,0,96.072,29.274,1.171,possible_enum_review,other,True,0,0
449,nlp_path_histology_mentioned,VARCHAR,verified,staging_notes_heterogeneity_flags_and_nlp_synoptic_cluster,mig_132_patient_master_pathology_cluster_20260429, | mig_132 pathology cluster (Lane 23). Stage discordance migration notes + NLP synoptic/histology mentions rollup.,10871,8877,1994,995,926,0,0,552,250,64,81.658,12.538,46.439,high_cardinality_text,histology,False,0,0
477,nlp_raidetail_key_finding,VARCHAR,verified,extraction_faithfulness_vs_note_entities_llm_rai_detail,mig_142_patient_master_rai_cluster_20260429, | mig_142 nlp_raidetail_* vs note_entities_llm_rai_detailed + CPM rollup (entity JSON — not naive note row COUNT).,10871,10251,620,153,150,0,0,507,287,3,94.297,46.29,24.194,free_text_or_identifier,treatment,False,0,0
496,nlp_synoptic_key_finding,VARCHAR,verified,staging_notes_heterogeneity_flags_and_nlp_synoptic_cluster,mig_132_patient_master_pathology_cluster_20260429, | mig_132 pathology cluster (Lane 23). Stage discordance migration notes + NLP synoptic/histology mentions rollup.,10871,6036,4835,956,824,0,0,2692,476,99,55.524,9.845,17.042,high_cardinality_text,other,False,0,0
518,nsqip_asa_class,VARCHAR,verified,external_registry_nsqip_study_linkage_on_cpm,mig_130_patient_master_operative_cluster_20260429, | mig_130 operative cluster (Lane 22). nsqip_* study/registry join columns.,10871,9461,1410,4,4,0,90,1410,663,0,87.03,47.021,0.284,controlled_vocab_candidate,other,True,0,1
520,nsqip_diabetes,VARCHAR,verified,external_registry_nsqip_study_linkage_on_cpm,mig_130_patient_master_operative_cluster_20260429, | mig_130 operative cluster (Lane 22). nsqip_* study/registry join columns.,10871,9461,1410,3,3,0,0,1410,1193,0,87.03,84.61,0.213,controlled_vocab_candidate,other,True,0,0
521,nsqip_functional_status,VARCHAR,verified,external_registry_nsqip_study_linkage_on_cpm,mig_130_patient_master_operative_cluster_20260429, | mig_130 operative cluster (Lane 22). nsqip_* study/registry join columns.,10871,9461,1410,3,3,0,0,1410,1388,0,87.03,98.44,0.213,controlled_vocab_candidate,other,True,1,1
523,nsqip_hypertension,VARCHAR,verified,external_registry_nsqip_study_linkage_on_cpm,mig_130_patient_master_operative_cluster_20260429, | mig_130 operative cluster (Lane 22). nsqip_* study/registry join columns.,10871,9461,1410,2,2,0,0,1410,759,0,87.03,53.83,0.142,controlled_vocab_candidate,other,True,0,0
525,nsqip_sex,VARCHAR,verified,external_registry_nsqip_study_linkage_on_cpm,mig_130_patient_master_operative_cluster_20260429, | mig_130 operative cluster (Lane 22). nsqip_* study/registry join columns.,10871,9461,1410,2,2,0,0,1410,1121,0,87.03,79.504,0.142,controlled_vocab_candidate,demographics,True,0,0
526,nsqip_smoker,VARCHAR,verified,external_registry_nsqip_study_linkage_on_cpm,mig_130_patient_master_operative_cluster_20260429, | mig_130 operative cluster (Lane 22). nsqip_* study/registry join columns.,10871,9461,1410,2,2,0,0,1410,1239,0,87.03,87.872,0.142,controlled_vocab_candidate,other,True,0,0
527,nsqip_source,VARCHAR,verified,external_registry_nsqip_study_linkage_on_cpm,mig_130_patient_master_operative_cluster_20260429, | mig_130 operative cluster (Lane 22). nsqip_* study/registry join columns.,10871,9461,1410,1,1,0,0,1410,1410,0,87.03,100.0,0.071,degenerate_single_value,provenance,True,0,0
532,nucmed_scan_types,VARCHAR,verified,derivation_vs_canonical_nucmed_nuclear_med_v1,mig_147_patient_master_nucmed_imaging_cluster_20260429," | mig_147 NM cluster (Lane 37). Patient-level aggregates replay `main.nuclear_med` + DISTINCT ON rollup (207/219): `nucmed_n_scans`, stratified indications, LIST_SORT-style STRING_AGG for `nucmed_scan_types`.",10871,9751,1120,48,48,0,0,1120,214,0,89.697,19.107,4.286,high_cardinality_text,other,False,0,0
536,op_findings_summary,VARCHAR,verified,derivation_replay_vs_canonical_operative_events_v1_tri_state_null,mig_130_patient_master_operative_cluster_20260429, | mig_130 operative cluster (Lane 22). op_* rollup/NLP-enriched cols; material TRUE/FALSE agreement vs BOOL_OR on operative events = 0; NULL bulk.,10871,10284,587,32,32,0,0,0,249,0,94.6,42.419,5.451,free_text_or_identifier,other,False,0,0
552,op_nlp_extraction_method,VARCHAR,verified,derivation_replay_vs_canonical_operative_events_v1_tri_state_null,mig_130_patient_master_operative_cluster_20260429, | mig_130 operative cluster (Lane 22). op_* rollup/NLP-enriched cols; material TRUE/FALSE agreement vs BOOL_OR on operative events = 0; NULL bulk.,10871,6843,4028,1,1,0,0,0,4028,0,62.947,100.0,0.025,degenerate_single_value,provenance,True,0,0
560,op_nlp_nerve_monitoring_type,VARCHAR,verified,derivation_replay_vs_canonical_operative_events_v1_tri_state_null,mig_130_patient_master_operative_cluster_20260429, | mig_130 operative cluster (Lane 22). op_* rollup/NLP-enriched cols; material TRUE/FALSE agreement vs BOOL_OR on operative events = 0; NULL bulk.,10871,7378,3493,5,5,0,0,0,3389,0,67.869,97.023,0.143,controlled_vocab_candidate,other,True,1,1
562,op_nlp_note_types,VARCHAR,verified,derivation_replay_vs_canonical_operative_events_v1_tri_state_null,mig_130_patient_master_operative_cluster_20260429, | mig_130 operative cluster (Lane 22). op_* rollup/NLP-enriched cols; material TRUE/FALSE agreement vs BOOL_OR on operative events = 0; NULL bulk.,10871,6843,4028,1,1,0,0,0,4028,0,62.947,100.0,0.025,degenerate_single_value,other,True,0,0
582,ops_anticoagulation_meds,VARCHAR,verified,source_lineage_thyroid_operative_sheet_feed_on_cpm,mig_130_patient_master_operative_cluster_20260429, | mig_130 operative cluster (Lane 22). ops_* preop/intraop structured sheet fields on CPM.,10871,10863,8,1,1,0,0,8,8,0,99.926,100.0,12.5,degenerate_single_value,other,True,0,0
584,ops_cervical_ln_us_performed,VARCHAR,verified,source_lineage_thyroid_operative_sheet_feed_on_cpm,mig_130_patient_master_operative_cluster_20260429, | mig_130 operative cluster (Lane 22). ops_* preop/intraop structured sheet fields on CPM.,10871,10750,121,2,2,0,0,121,79,0,98.887,65.289,1.653,controlled_vocab_candidate,other,True,0,0
585,ops_difficult_airway,VARCHAR,verified,source_lineage_thyroid_operative_sheet_feed_on_cpm,mig_130_patient_master_operative_cluster_20260429, | mig_130 operative cluster (Lane 22). ops_* preop/intraop structured sheet fields on CPM.,10871,10729,142,6,6,0,0,142,92,0,98.694,64.789,4.225,controlled_vocab_candidate,other,True,3,3
586,ops_dominant_nodule_bethesda,VARCHAR,verified,source_lineage_thyroid_operative_sheet_feed_on_cpm,mig_130_patient_master_operative_cluster_20260429, | mig_130 operative cluster (Lane 22). ops_* preop/intraop structured sheet fields on CPM.,10871,5803,5068,11,11,0,0,0,2113,0,53.381,41.693,0.217,controlled_vocab_candidate,other,True,5,5
587,ops_dominant_nodule_location,VARCHAR,verified,source_lineage_thyroid_operative_sheet_feed_on_cpm,mig_130_patient_master_operative_cluster_20260429, | mig_130 operative cluster (Lane 22). ops_* preop/intraop structured sheet fields on CPM.,10871,10870,1,1,1,0,0,0,1,0,99.991,100.0,100.0,degenerate_single_value,other,True,0,0
588,ops_dominant_nodule_size_us,VARCHAR,verified,source_lineage_thyroid_operative_sheet_feed_on_cpm,mig_130_patient_master_operative_cluster_20260429, | mig_130 operative cluster (Lane 22). ops_* preop/intraop structured sheet fields on CPM.,10871,10866,5,5,5,0,0,1,1,0,99.954,20.0,100.0,controlled_vocab_candidate,other,True,0,0
589,ops_ebl_ml,VARCHAR,verified,source_lineage_thyroid_operative_sheet_feed_on_cpm,mig_130_patient_master_operative_cluster_20260429, | mig_130 operative cluster (Lane 22). ops_* preop/intraop structured sheet fields on CPM.,10871,10751,120,10,10,0,0,0,80,0,98.896,66.667,8.333,controlled_vocab_candidate,other,True,6,6
590,ops_family_hx_thyroid_ca,VARCHAR,verified,source_lineage_thyroid_operative_sheet_feed_on_cpm,mig_130_patient_master_operative_cluster_20260429, | mig_130 operative cluster (Lane 22). ops_* preop/intraop structured sheet fields on CPM.,10871,10729,142,21,21,1,2,141,116,0,98.694,81.69,14.789,free_text_or_identifier,other,False,0,0
591,ops_head_neck_us_findings,VARCHAR,verified,source_lineage_thyroid_operative_sheet_feed_on_cpm,mig_130_patient_master_operative_cluster_20260429, | mig_130 operative cluster (Lane 22). ops_* preop/intraop structured sheet fields on CPM.,10871,10869,2,2,2,0,0,1,1,0,99.982,50.0,100.0,controlled_vocab_candidate,other,True,0,0
592,ops_intraop_appearance,VARCHAR,verified,source_lineage_thyroid_operative_sheet_feed_on_cpm,mig_130_patient_master_operative_cluster_20260429, | mig_130 operative cluster (Lane 22). ops_* preop/intraop structured sheet fields on CPM.,10871,10531,340,328,326,73,2,174,4,2,96.872,1.176,95.882,high_cardinality_text,other,False,0,0
593,ops_intraop_nodule_count,VARCHAR,verified,source_lineage_thyroid_operative_sheet_feed_on_cpm,mig_130_patient_master_operative_cluster_20260429, | mig_130 operative cluster (Lane 22). ops_* preop/intraop structured sheet fields on CPM.,10871,10221,650,25,25,0,0,7,384,0,94.021,59.077,3.846,controlled_vocab_candidate,other,True,20,20
594,ops_io_tumor_appearance,VARCHAR,verified,source_lineage_thyroid_operative_sheet_feed_on_cpm,mig_130_patient_master_operative_cluster_20260429, | mig_130 operative cluster (Lane 22). ops_* preop/intraop structured sheet fields on CPM.,10871,8846,2025,65,61,0,0,273,1198,4,81.372,59.16,3.012,high_cardinality_text,other,False,0,0
596,ops_ll_para_visualized,VARCHAR,verified,source_lineage_thyroid_operative_sheet_feed_on_cpm,mig_130_patient_master_operative_cluster_20260429, | mig_130 operative cluster (Lane 22). ops_* preop/intraop structured sheet fields on CPM.,10871,9405,1466,3,3,0,0,0,831,0,86.515,56.685,0.205,controlled_vocab_candidate,other,True,1,1
599,ops_lu_para_visualized,VARCHAR,verified,source_lineage_thyroid_operative_sheet_feed_on_cpm,mig_130_patient_master_operative_cluster_20260429, | mig_130 operative cluster (Lane 22). ops_* preop/intraop structured sheet fields on CPM.,10871,9409,1462,3,2,1,0,0,1176,1,86.551,80.438,0.137,controlled_vocab_candidate,other,True,0,1
601,ops_max_diameter_cm,VARCHAR,verified,source_lineage_thyroid_operative_sheet_feed_on_cpm,mig_130_patient_master_operative_cluster_20260429, | mig_130 operative cluster (Lane 22). ops_* preop/intraop structured sheet fields on CPM.,10871,9003,1868,153,147,5,0,3,174,6,82.817,9.315,7.869,high_cardinality_text,other,False,0,0
602,ops_nerve_stim_final,VARCHAR,verified,source_lineage_thyroid_operative_sheet_feed_on_cpm,mig_130_patient_master_operative_cluster_20260429, | mig_130 operative cluster (Lane 22). ops_* preop/intraop structured sheet fields on CPM.,10871,10757,114,4,4,0,0,114,54,0,98.951,47.368,3.509,controlled_vocab_candidate,other,True,1,1
603,ops_nerve_stim_left,VARCHAR,verified,source_lineage_thyroid_operative_sheet_feed_on_cpm,mig_130_patient_master_operative_cluster_20260429, | mig_130 operative cluster (Lane 22). ops_* preop/intraop structured sheet fields on CPM.,10871,10777,94,83,83,0,0,1,3,0,99.135,3.191,88.298,high_cardinality_text,other,False,0,0
604,ops_nerve_stim_right,VARCHAR,verified,source_lineage_thyroid_operative_sheet_feed_on_cpm,mig_130_patient_master_operative_cluster_20260429, | mig_130 operative cluster (Lane 22). ops_* preop/intraop structured sheet fields on CPM.,10871,10793,78,69,69,0,0,1,3,0,99.282,3.846,88.462,high_cardinality_text,other,False,0,0
605,ops_other_ag,VARCHAR,verified,source_lineage_thyroid_operative_sheet_feed_on_cpm,mig_130_patient_master_operative_cluster_20260429, | mig_130 operative cluster (Lane 22). ops_* preop/intraop structured sheet fields on CPM.,10871,10868,3,2,2,0,0,3,2,0,99.972,66.667,66.667,controlled_vocab_candidate,other,True,0,0
606,ops_palpable_lesion,VARCHAR,verified,source_lineage_thyroid_operative_sheet_feed_on_cpm,mig_130_patient_master_operative_cluster_20260429, | mig_130 operative cluster (Lane 22). ops_* preop/intraop structured sheet fields on CPM.,10871,10866,5,2,2,0,0,5,4,0,99.954,80.0,40.0,controlled_vocab_candidate,other,True,0,0
607,ops_para_ag_performed,VARCHAR,verified,source_lineage_thyroid_operative_sheet_feed_on_cpm,mig_130_patient_master_operative_cluster_20260429, | mig_130 operative cluster (Lane 22). ops_* preop/intraop structured sheet fields on CPM.,10871,8789,2082,25,25,0,0,21,945,0,80.848,45.389,1.201,controlled_vocab_candidate,other,True,22,22
608,ops_parathyroid_ag_notes,VARCHAR,verified,source_lineage_thyroid_operative_sheet_feed_on_cpm,mig_130_patient_master_operative_cluster_20260429, | mig_130 operative cluster (Lane 22). ops_* preop/intraop structured sheet fields on CPM.,10871,10416,455,42,42,0,0,455,95,0,95.815,20.879,9.231,free_text_or_identifier,other,False,0,0
609,ops_parathyroidectomy,VARCHAR,verified,source_lineage_thyroid_operative_sheet_feed_on_cpm,mig_130_patient_master_operative_cluster_20260429, | mig_130 operative cluster (Lane 22). ops_* preop/intraop structured sheet fields on CPM.,10871,10841,30,26,26,5,0,30,5,0,99.724,16.667,86.667,free_text_or_identifier,other,False,0,0
610,ops_periop_complications,VARCHAR,verified,source_lineage_thyroid_operative_sheet_feed_on_cpm,mig_130_patient_master_operative_cluster_20260429, | mig_130 operative cluster (Lane 22). ops_* preop/intraop structured sheet fields on CPM.,10871,9474,1397,54,54,2,0,1391,1343,0,87.149,96.135,3.865,high_cardinality_text,complication,False,0,0
611,ops_preop_diagnosis,VARCHAR,verified,source_lineage_thyroid_operative_sheet_feed_on_cpm,mig_130_patient_master_operative_cluster_20260429, | mig_130 operative cluster (Lane 22). ops_* preop/intraop structured sheet fields on CPM.,10871,8788,2083,321,299,1,0,2028,417,17,80.839,20.019,14.354,high_cardinality_text,other,False,0,0
612,ops_preop_imaging_performed,VARCHAR,verified,source_lineage_thyroid_operative_sheet_feed_on_cpm,mig_130_patient_master_operative_cluster_20260429, | mig_130 operative cluster (Lane 22). ops_* preop/intraop structured sheet fields on CPM.,10871,10728,143,28,28,2,1,143,62,0,98.685,43.357,19.58,controlled_vocab_candidate,other,True,25,25
613,ops_preop_laryngoscopy,VARCHAR,verified,source_lineage_thyroid_operative_sheet_feed_on_cpm,mig_130_patient_master_operative_cluster_20260429, | mig_130 operative cluster (Lane 22). ops_* preop/intraop structured sheet fields on CPM.,10871,10752,119,6,6,0,0,119,110,0,98.905,92.437,5.042,controlled_vocab_candidate,other,True,4,4
614,ops_preop_nodules_count_size,VARCHAR,verified,source_lineage_thyroid_operative_sheet_feed_on_cpm,mig_130_patient_master_operative_cluster_20260429, | mig_130 operative cluster (Lane 22). ops_* preop/intraop structured sheet fields on CPM.,10871,10824,47,20,20,1,0,12,25,0,99.568,53.191,42.553,controlled_vocab_candidate,other,True,0,1
615,ops_preop_symptoms,VARCHAR,verified,source_lineage_thyroid_operative_sheet_feed_on_cpm,mig_130_patient_master_operative_cluster_20260429, | mig_130 operative cluster (Lane 22). ops_* preop/intraop structured sheet fields on CPM.,10871,10712,159,37,34,0,0,111,56,2,98.537,35.22,21.384,controlled_vocab_candidate,other,True,25,27
616,ops_prior_neck_irradiation,VARCHAR,verified,source_lineage_thyroid_operative_sheet_feed_on_cpm,mig_130_patient_master_operative_cluster_20260429, | mig_130 operative cluster (Lane 22). ops_* preop/intraop structured sheet fields on CPM.,10871,10724,147,19,19,0,0,146,118,0,98.648,80.272,12.925,controlled_vocab_candidate,other,True,15,15
617,ops_prior_neck_operation,VARCHAR,verified,source_lineage_thyroid_operative_sheet_feed_on_cpm,mig_130_patient_master_operative_cluster_20260429, | mig_130 operative cluster (Lane 22). ops_* preop/intraop structured sheet fields on CPM.,10871,10415,456,128,104,1,0,455,107,16,95.805,23.465,22.807,high_cardinality_text,other,False,0,0
618,ops_rl_ag,VARCHAR,verified,source_lineage_thyroid_operative_sheet_feed_on_cpm,mig_130_patient_master_operative_cluster_20260429, | mig_130 operative cluster (Lane 22). ops_* preop/intraop structured sheet fields on CPM.,10871,10613,258,2,2,0,0,1,257,0,97.627,99.612,0.775,controlled_vocab_candidate,other,True,1,1
622,ops_ru_para_visualized,VARCHAR,verified,source_lineage_thyroid_operative_sheet_feed_on_cpm,mig_130_patient_master_operative_cluster_20260429, | mig_130 operative cluster (Lane 22). ops_* preop/intraop structured sheet fields on CPM.,10871,9451,1420,3,3,0,0,1,1075,0,86.938,75.704,0.211,controlled_vocab_candidate,other,True,1,1
625,ops_supranumerary_para,VARCHAR,verified,source_lineage_thyroid_operative_sheet_feed_on_cpm,mig_130_patient_master_operative_cluster_20260429, | mig_130 operative cluster (Lane 22). ops_* preop/intraop structured sheet fields on CPM.,10871,10858,13,13,13,1,0,11,1,0,99.88,7.692,100.0,controlled_vocab_candidate,other,True,0,1
626,ops_surg_date,VARCHAR,verified,source_lineage_thyroid_operative_sheet_feed_on_cpm,mig_130_patient_master_operative_cluster_20260429, | mig_130 operative cluster (Lane 22). ops_* preop/intraop structured sheet fields on CPM.,10871,2139,8732,3815,3815,0,0,0,11,0,19.676,0.126,43.69,date_or_timestamp_text,other,False,0,0
627,ops_surgeon,VARCHAR,verified,source_lineage_thyroid_operative_sheet_feed_on_cpm,mig_130_patient_master_operative_cluster_20260429, | mig_130 operative cluster (Lane 22). ops_* preop/intraop structured sheet fields on CPM.,10871,2280,8591,142,142,1162,0,8591,2000,0,20.973,23.28,1.653,high_cardinality_text,other,False,0,0
628,ops_thyroid_scintigraphy,VARCHAR,verified,source_lineage_thyroid_operative_sheet_feed_on_cpm,mig_130_patient_master_operative_cluster_20260429, | mig_130 operative cluster (Lane 22). ops_* preop/intraop structured sheet fields on CPM.,10871,10870,1,1,1,0,0,1,1,0,99.991,100.0,100.0,degenerate_single_value,other,True,0,0
629,ops_tumor_side,VARCHAR,verified,source_lineage_thyroid_operative_sheet_feed_on_cpm,mig_130_patient_master_operative_cluster_20260429, | mig_130 operative cluster (Lane 22). ops_* preop/intraop structured sheet fields on CPM.,10871,9039,1832,38,34,0,0,1812,623,2,83.148,34.007,1.856,free_text_or_identifier,laterality,False,0,0
631,path_histology_raw,VARCHAR,verified,derivation_vs_canonical_path_events_and_gm_raw_feed,mig_132_patient_master_pathology_cluster_20260429, | mig_132 pathology cluster (Lane 23). path_* + gm_path_* aligned to mig_89/mig_97b/mig_110 canonical path family.,10871,6734,4137,59,44,77,2,3625,3075,12,61.945,74.329,1.064,free_text_or_identifier,histology,False,0,0
632,path_histology_variant_raw,VARCHAR,verified,derivation_vs_canonical_path_events_and_gm_raw_feed,mig_132_patient_master_pathology_cluster_20260429, | mig_132 pathology cluster (Lane 23). path_* + gm_path_* aligned to mig_89/mig_97b/mig_110 canonical path family.,10871,7554,3317,167,141,11,7,393,1136,17,69.488,34.248,4.251,free_text_or_identifier,histology,False,0,0
633,path_margin_raw,VARCHAR,verified,derivation_vs_canonical_path_events_and_gm_raw_feed,mig_132_patient_master_pathology_cluster_20260429, | mig_132 pathology cluster (Lane 23). path_* + gm_path_* aligned to mig_89/mig_97b/mig_110 canonical path family.,10871,6987,3884,12,10,0,0,10,3296,2,64.272,84.861,0.257,possible_enum_review,other,True,5,7
634,path_n_stage_raw,VARCHAR,verified,derivation_vs_canonical_path_events_and_gm_raw_feed,mig_132_patient_master_pathology_cluster_20260429, | mig_132 pathology cluster (Lane 23). path_* + gm_path_* aligned to mig_89/mig_97b/mig_110 canonical path family.,10871,6856,4015,17,14,0,0,390,1610,3,63.067,40.1,0.349,possible_enum_review,stage,True,3,6
635,path_t_stage_raw,VARCHAR,verified,derivation_vs_canonical_path_events_and_gm_raw_feed,mig_132_patient_master_pathology_cluster_20260429, | mig_132 pathology cluster (Lane 23). path_* + gm_path_* aligned to mig_89/mig_97b/mig_110 canonical path family.,10871,6862,4009,20,20,0,0,384,902,0,63.122,22.499,0.499,possible_enum_review,stage,True,5,5
637,perineural_invasion,VARCHAR,verified,derivation_vs_canonical_invasion_events_v1,mig_154_patient_master_pathology_invasion_cluster_20260429, | mig_154 pathology-invasion (154c PNI). Perineural axis + pni_refined_v6 cleaning rule (Phase-6 lineage). CF-mig154-PM-PNIANY-VS-EVENT-PRESENT; CF-mig154-PM-PNI-POSITIVE-WIDER-THAN-EVENT; CF-mig154-COHORT-NEAR-UNIFORM-TRUE-pni_positive (0 explicit FALSE rows).,10871,9433,1438,6,5,0,0,1,1340,1,86.772,93.185,0.348,controlled_vocab_candidate,other,True,2,3
638,pet_distant_met_sites,VARCHAR,verified,derivation_vs_canonical_pet_ct_imaging_llm216b_v1,mig_146_patient_master_mri_pet_imaging_cluster_20260429, | mig_146 PET FDG block. Structured slice from `main.ct_imaging` + Script 216b B1 Claude JSON rollup → PET patient scalars (`pet_*` excluding `pet_other_*`). Date columns `pet_first_date`/`pet_last_date` remain VARCHAR upstream — see **`CF-mig146-PM-PET-FIRST-LAST-DATE-VARCHAR`**.,10871,10741,130,30,30,0,0,0,22,0,98.804,16.923,23.077,controlled_vocab_candidate,other,True,17,17
644,pet_impression_last,VARCHAR,verified,derivation_vs_canonical_pet_ct_imaging_llm216b_v1,mig_146_patient_master_mri_pet_imaging_cluster_20260429, | mig_146 PET FDG block. Structured slice from `main.ct_imaging` + Script 216b B1 Claude JSON rollup → PET patient scalars (`pet_*` excluding `pet_other_*`). Date columns `pet_first_date`/`pet_last_date` remain VARCHAR upstream — see **`CF-mig146-PM-PET-FIRST-LAST-DATE-VARCHAR`**.,10871,10585,286,286,286,0,0,286,1,0,97.369,0.35,100.0,high_cardinality_text,other,False,0,0
645,pet_indication_first,VARCHAR,verified,derivation_vs_canonical_pet_ct_imaging_llm216b_v1,mig_146_patient_master_mri_pet_imaging_cluster_20260429, | mig_146 PET FDG block. Structured slice from `main.ct_imaging` + Script 216b B1 Claude JSON rollup → PET patient scalars (`pet_*` excluding `pet_other_*`). Date columns `pet_first_date`/`pet_last_date` remain VARCHAR upstream — see **`CF-mig146-PM-PET-FIRST-LAST-DATE-VARCHAR`**.,10871,10580,291,288,288,0,40,289,2,0,97.323,0.687,98.969,high_cardinality_text,other,False,0,0
648,pet_overall_worst,VARCHAR,verified,severity_ladder_aggregate_worst,mig_146_patient_master_mri_pet_imaging_cluster_20260429, | mig_146 ordinal worst-of-exams rollup (MRI thyroid assessment dominance ladder; PET LLM `overall_assessment` ladder from 216b B1 aggregated per research_id — see extractor hierarchy strings).,10871,10580,291,7,7,0,0,0,77,0,97.323,26.46,2.405,controlled_vocab_candidate,other,True,0,0
649,pet_radiotracer_primary,VARCHAR,verified,derivation_vs_canonical_pet_ct_imaging_llm216b_v1,mig_146_patient_master_mri_pet_imaging_cluster_20260429, | mig_146 PET FDG block. Structured slice from `main.ct_imaging` + Script 216b B1 Claude JSON rollup → PET patient scalars (`pet_*` excluding `pet_other_*`). Date columns `pet_first_date`/`pet_last_date` remain VARCHAR upstream — see **`CF-mig146-PM-PET-FIRST-LAST-DATE-VARCHAR`**.,10871,10587,284,5,5,0,0,277,267,0,97.388,94.014,1.761,controlled_vocab_candidate,demographics,True,2,2
652,pmhx_llm_extraction_method,VARCHAR,verified,llm_extraction_provenance_metadata_passthrough,mig_136_patient_master_pmh_psh_cluster_20260429, | mig_136 PMH+PSH cluster (Lane 26). SSOT LLM rollup from note_entities_llm_past_medical_hx (215); provenance metadata passthrough.,10871,10581,290,1,1,0,0,0,290,0,97.332,100.0,0.345,degenerate_single_value,provenance,True,0,0
656,pmhx_llm_note_types,VARCHAR,verified,llm_extraction_provenance_metadata_passthrough,mig_136_patient_master_pmh_psh_cluster_20260429, | mig_136 PMH+PSH cluster (Lane 26). SSOT LLM rollup from note_entities_llm_past_medical_hx (215); provenance metadata passthrough.,10871,10581,290,11,11,0,0,0,119,0,97.332,41.034,3.793,controlled_vocab_candidate,other,True,3,3
670,pmhx_nlp_comorbidity_list,VARCHAR,verified,patient_level_nlp_aggregate_per_condition,mig_136_patient_master_pmh_psh_cluster_20260429, | mig_136 PMH+PSH cluster (Lane 26). 215 rollup: regex/problem-list + LLM tiers (note_entities_llm_past_medical_hx); align mig_107/114 PMH family; *_days_from_surgery = Script anchor not naive DATE_DIFF (CF-mig136-DAYS-SEMANTIC).,10871,6976,3895,762,762,0,0,844,462,0,64.171,11.861,19.564,free_text_or_identifier,other,False,0,0
678,pmhx_nlp_extraction_method,VARCHAR,verified,patient_level_nlp_aggregate_per_condition,mig_136_patient_master_pmh_psh_cluster_20260429, | mig_136 PMH+PSH cluster (Lane 26). 215 rollup: regex/problem-list + LLM tiers (note_entities_llm_past_medical_hx); align mig_107/114 PMH family; *_days_from_surgery = Script anchor not naive DATE_DIFF (CF-mig136-DAYS-SEMANTIC).,10871,6976,3895,1,1,0,0,0,3895,0,64.171,100.0,0.026,degenerate_single_value,provenance,True,0,0
698,pmhx_nlp_note_types,VARCHAR,verified,patient_level_nlp_aggregate_per_condition,mig_136_patient_master_pmh_psh_cluster_20260429, | mig_136 PMH+PSH cluster (Lane 26). 215 rollup: regex/problem-list + LLM tiers (note_entities_llm_past_medical_hx); align mig_107/114 PMH family; *_days_from_surgery = Script anchor not naive DATE_DIFF (CF-mig136-DAYS-SEMANTIC).,10871,6976,3895,51,51,0,0,0,2557,0,64.171,65.648,1.309,controlled_vocab_candidate_large,other,True,33,33
709,pmhx_nlp_smoking_status,VARCHAR,verified,patient_level_nlp_aggregate_per_condition,mig_136_patient_master_pmh_psh_cluster_20260429, | mig_136 PMH+PSH cluster (Lane 26). 215 rollup: regex/problem-list + LLM tiers (note_entities_llm_past_medical_hx); align mig_107/114 PMH family; *_days_from_surgery = Script anchor not naive DATE_DIFF (CF-mig136-DAYS-SEMANTIC).,10871,10851,20,12,10,0,0,6,7,2,99.816,35.0,50.0,controlled_vocab_candidate,other,True,0,2
711,pni_refined_v6,VARCHAR,verified,derivation_vs_canonical_invasion_events_v1,mig_154_patient_master_pathology_invasion_cluster_20260429, | mig_154 pathology-invasion (154c PNI). Perineural axis + pni_refined_v6 cleaning rule (Phase-6 lineage). CF-mig154-PM-PNIANY-VS-EVENT-PRESENT; CF-mig154-PM-PNI-POSITIVE-WIDER-THAN-EVENT; CF-mig154-COHORT-NEAR-UNIFORM-TRUE-pni_positive (0 explicit FALSE rows).,10871,9384,1487,3,3,0,0,0,1480,0,86.321,99.529,0.202,controlled_vocab_candidate,other,True,0,0
718,postop_calcium_source_reliability,VARCHAR,verified,derivation_vs_canonical_labs_postop_window_script211_53,mig_150_patient_master_parathyroid_postop_tp_cluster_20260429, | mig_150 para/postop/TP cluster (Lane 40). postop_* from expanded labs + biochemical flags (<15 pg/mL PTH / <8 mg/dL Ca Script-53 lineage); ionized_ca min + presence sentinel.,10871,10312,559,7,7,0,0,0,500,0,94.858,89.445,1.252,possible_enum_review,provenance,True,2,2
724,postop_pth_source_reliability,VARCHAR,verified,derivation_vs_canonical_labs_postop_window_script211_53,mig_150_patient_master_parathyroid_postop_tp_cluster_20260429," | mig_150 para/postop/TP cluster (Lane 40). postop_* from expanded labs + biochemical flags (<15 pg/mL PTH / <8 mg/dL Ca Script-53 lineage); ionized_ca min + presence sentinel. | mig_150b: CF-mig150-PTH-MULTI-SOURCE-DERIVATION — Cowork spot-check 10 random rids found canonical_labs_pth_v1.value_numeric MATCHES PM where lab-feed data exists (e.g. 38=38, 21=21) BUT 8/10 rids have non-null pth_nadir with NULL canonical_labs_pth_v1 row. Multi-source resolution layer: canonical_labs_pth_v1 (structured lab feed, ~20% pts) + NLP-extracted PTH from notes (~80% pts, source not in main schema — likely deprecated post-script-347 ingestion). Values are correct where checked; methodology label is partial-truth. Re-derive lineage when notes-PTH source is restored or canonicalized.",10871,10198,673,6,6,0,0,0,655,0,93.809,97.325,0.892,possible_enum_review,provenance,True,3,3
727,prm_ete_imaging_path_concordance,VARCHAR,verified,prm_rule_concordance_chain,mig_140_patient_master_ete_cluster_20260429, | mig_140 ETE cluster (Lane 29). PRM categorical chain replay vs publication PM build (prm_ete_rule_applied x_to_microscopic/present_to_microscopic; prm_ete_imaging_path_concordance often insufficient_data — imaging-path concordance deferred CF-mig140-PM-ETE-IMAGING-UPSTREAM-PENDING). | CF-mig140-PM-ETE-IMAGING-UPSTREAM-PENDING: prm_ete_imaging_path_concordance relies on mixed imaging/path substrate; insufficient_data prevalence expected until imaging ETE SSOT structured.,10871,6841,4030,1,1,0,0,0,4030,0,62.929,100.0,0.025,degenerate_single_value,other,True,0,0
729,prm_ete_rule_applied,VARCHAR,verified,prm_rule_concordance_chain,mig_140_patient_master_ete_cluster_20260429, | mig_140 ETE cluster (Lane 29). PRM categorical chain replay vs publication PM build (prm_ete_rule_applied x_to_microscopic/present_to_microscopic; prm_ete_imaging_path_concordance often insufficient_data — imaging-path concordance deferred CF-mig140-PM-ETE-IMAGING-UPSTREAM-PENDING).,10871,7323,3548,2,2,0,0,0,3289,0,67.363,92.7,0.056,controlled_vocab_candidate,other,True,0,0
732,prm_fna_source_tables,VARCHAR,verified,internal_consistency_prm_rule_master_v1,mig_156_patient_master_framework_provenance_cluster_20260429, | mig_156 framework cluster (156b PRM). Patient-rule-master rollups from canonical_fna_events_v1 spine for first/last FNA calendar dates + margins/recurrence facets; cf. CF-mig156-COHORT-UNIFORM-FALSE-prm_high_risk_marker_any.,10871,5605,5266,1,1,0,0,0,5266,0,51.559,100.0,0.019,degenerate_single_value,provenance,True,0,0
739,prm_imaging_data_completeness,VARCHAR,verified,prm_rule_imaging_completeness_chain,mig_144_patient_master_us_imaging_cluster_20260429, | mig_144 **`prm_imaging_data_completeness`** — deterministic VARCHAR snapshot propagated from consolidated PRM rule stack at canonical PM freeze; upstream `patient_refined_master_clinical_v12` now **archived** — **(CF-mig144-PRM-IMAGING-SNAPSHOT-ARCHIVED)** prevents drift replay until replacement master PRM ingest ships.,10871,6841,4030,1,1,0,0,0,4030,0,62.929,100.0,0.025,degenerate_single_value,risk_scoring,True,0,0
741,prm_margin_confidence,VARCHAR,verified,internal_consistency_prm_rule_master_v1,mig_156_patient_master_framework_provenance_cluster_20260429, | mig_156 framework cluster (156b PRM). Patient-rule-master rollups from canonical_fna_events_v1 spine for first/last FNA calendar dates + margins/recurrence facets; cf. CF-mig156-COHORT-UNIFORM-FALSE-prm_high_risk_marker_any.,10871,6914,3957,3,3,0,0,0,2392,0,63.6,60.45,0.076,possible_enum_review,other,True,0,0
742,prm_margin_source,VARCHAR,verified,internal_consistency_prm_rule_master_v1,mig_156_patient_master_framework_provenance_cluster_20260429, | mig_156 framework cluster (156b PRM). Patient-rule-master rollups from canonical_fna_events_v1 spine for first/last FNA calendar dates + margins/recurrence facets; cf. CF-mig156-COHORT-UNIFORM-FALSE-prm_high_risk_marker_any.,10871,6914,3957,1,1,0,0,0,3957,0,63.6,100.0,0.025,degenerate_single_value,provenance,True,0,0
743,prm_margin_with_gross_ete,VARCHAR,verified,prm_rule_concordance_chain,mig_140_patient_master_ete_cluster_20260429, | mig_140 ETE cluster (Lane 29). PRM categorical chain replay vs publication PM build (prm_ete_rule_applied x_to_microscopic/present_to_microscopic; prm_ete_imaging_path_concordance often insufficient_data — imaging-path concordance deferred CF-mig140-PM-ETE-IMAGING-UPSTREAM-PENDING).,10871,6914,3957,2,2,0,0,0,3931,0,63.6,99.343,0.051,controlled_vocab_candidate,other,True,0,0
744,prm_molecular_risk_category,VARCHAR,verified,internal_consistency_prm_rule_master_v1,mig_156_patient_master_framework_provenance_cluster_20260429, | mig_156 framework cluster (156b PRM). Patient-rule-master rollups from canonical_fna_events_v1 spine for first/last FNA calendar dates + margins/recurrence facets; cf. CF-mig156-COHORT-UNIFORM-FALSE-prm_high_risk_marker_any.,10871,847,10024,3,3,0,0,0,9725,0,7.791,97.017,0.03,controlled_vocab_candidate,risk_scoring,True,1,1
746,prm_recurrence_detection_category,VARCHAR,verified,internal_consistency_prm_rule_master_v1,mig_156_patient_master_framework_provenance_cluster_20260429, | mig_156 framework cluster (156b PRM). Patient-rule-master rollups from canonical_fna_events_v1 spine for first/last FNA calendar dates + margins/recurrence facets; cf. CF-mig156-COHORT-UNIFORM-FALSE-prm_high_risk_marker_any.,10871,0,10871,4,4,0,0,0,8885,0,0.0,81.731,0.037,controlled_vocab_candidate,recurrence_survival,True,0,0
747,prm_rln_worst_grade,VARCHAR,verified,internal_consistency_prm_rule_master_v1,mig_156_patient_master_framework_provenance_cluster_20260429, | mig_156 framework cluster (156b PRM). Patient-rule-master rollups from canonical_fna_events_v1 spine for first/last FNA calendar dates + margins/recurrence facets; cf. CF-mig156-COHORT-UNIFORM-FALSE-prm_high_risk_marker_any.,10871,0,10871,4,4,0,0,0,10846,0,0.0,99.77,0.037,controlled_vocab_candidate,other,True,2,2
748,prm_size_concordance,VARCHAR,verified,internal_consistency_prm_rule_master_v1,mig_156_patient_master_framework_provenance_cluster_20260429, | mig_156 framework cluster (156b PRM). Patient-rule-master rollups from canonical_fna_events_v1 spine for first/last FNA calendar dates + margins/recurrence facets; cf. CF-mig156-COHORT-UNIFORM-FALSE-prm_high_risk_marker_any.,10871,6841,4030,1,1,0,0,0,4030,0,62.929,100.0,0.025,degenerate_single_value,other,True,0,0
751,proc_nlp_extraction_method,VARCHAR,verified,extraction_faithfulness_vs_note_entities_procedures_script215,mig_151_patient_master_meds_radtx_proc_cluster_20260429, | mig_151 proc_nlp_* (Lane 41). Regex patient rollup vs note_entities_procedures; proc_nlp_lateral_neck_dissection verified separately; canonical_operative_procedure_codes_v1 = mention+linkage grain (CF-mig151-PROC-NLP-VS-CODES-GRAIN).,10871,6160,4711,1,1,0,0,0,4711,0,56.665,100.0,0.021,degenerate_single_value,provenance,True,0,0
759,proc_nlp_note_types,VARCHAR,verified,extraction_faithfulness_vs_note_entities_procedures_script215,mig_151_patient_master_meds_radtx_proc_cluster_20260429, | mig_151 proc_nlp_* (Lane 41). Regex patient rollup vs note_entities_procedures; proc_nlp_lateral_neck_dissection verified separately; canonical_operative_procedure_codes_v1 = mention+linkage grain (CF-mig151-PROC-NLP-VS-CODES-GRAIN).,10871,6160,4711,62,62,0,0,0,1402,0,56.665,29.76,1.316,controlled_vocab_candidate_large,other,True,45,45
764,pshx_llm_extraction_method,VARCHAR,verified,llm_extraction_provenance_metadata_passthrough,mig_136_patient_master_pmh_psh_cluster_20260429, | mig_136 PMH+PSH cluster (Lane 26). SSOT LLM rollup from note_entities_llm_past_surgical_hx (215); provenance passthrough.,10871,9007,1864,1,1,0,0,0,1864,0,82.853,100.0,0.054,degenerate_single_value,provenance,True,0,0
768,pshx_llm_note_types,VARCHAR,verified,llm_extraction_provenance_metadata_passthrough,mig_136_patient_master_pmh_psh_cluster_20260429, | mig_136 PMH+PSH cluster (Lane 26). SSOT LLM rollup from note_entities_llm_past_surgical_hx (215); provenance passthrough.,10871,9007,1864,18,18,0,0,0,1250,0,82.853,67.06,0.966,controlled_vocab_candidate,other,True,8,8
785,race,VARCHAR,verified,derivation_vs_clinical_master_demographics,mig_143_patient_master_small_clusters_bundle_20260429, | mig_143 demographics shard. sex/race passthrough cohort spine + normalized enums; combined with derivation_ages_arithmetic / derivation_bmi_hierarchy overlays.,10871,9,10862,8,8,0,0,10862,5266,0,0.083,48.481,0.074,controlled_vocab_candidate,demographics,True,0,0
786,radtx_llm_extraction_method,VARCHAR,verified,extraction_faithfulness_vs_archive_pub_v1_0_note_entities_llm_rad_treatment_pre251_20260417T012311Z_script215,mig_151_patient_master_meds_radtx_proc_cluster_20260429, | mig_151 radtx remainder (Lane 41). Tier-1 LLM SSOT; radtx_nlp_rai_ablation* already verified (sibling). Includes RAI-prep NLP flags in same bundle as EBRT flag. | mig_151b: CF-mig151-RADTX-UPSTREAM-ARCHIVED — verification_method renamed to explicit archive snapshot. Live `main` schema has no `note_entities_llm_rad_treatment` (archived pre-script-251). Cols carry data extracted from the pre-archive Tier-1 snapshot.,10871,10661,210,1,1,0,0,0,210,0,98.068,100.0,0.476,degenerate_single_value,provenance,True,0,0
798,rai_dose_confidence_worst,VARCHAR,verified,patient_level_aggregate_rai_per_episode,mig_142_patient_master_rai_cluster_20260429, | mig_142 RAI dose chain. PM dose metadata + cumulative vs episode SUM with 4pt withhold CF; rai_dose_v9 version-pinned; threshold ~1000 mCi extreme.,10871,10622,249,7,7,0,0,0,138,0,97.71,55.422,2.811,possible_enum_review,treatment,True,2,2
799,rai_dose_linkage,VARCHAR,verified,patient_level_aggregate_rai_per_episode,mig_142_patient_master_rai_cluster_20260429, | mig_142 RAI dose chain. PM dose metadata + cumulative vs episode SUM with 4pt withhold CF; rai_dose_v9 version-pinned; threshold ~1000 mCi extreme.,10871,10595,276,3,3,0,0,0,133,0,97.461,48.188,1.087,controlled_vocab_candidate,treatment,True,0,0
800,rai_dose_source,VARCHAR,verified,patient_level_aggregate_rai_per_episode,mig_142_patient_master_rai_cluster_20260429, | mig_142 RAI dose chain. PM dose metadata + cumulative vs episode SUM with 4pt withhold CF; rai_dose_v9 version-pinned; threshold ~1000 mCi extreme.,10871,10595,276,8,8,0,0,0,100,0,97.461,36.232,2.899,possible_enum_review,treatment,True,3,3
808,rai_intent_list,VARCHAR,verified,patient_level_aggregate_rai_per_episode,mig_142_patient_master_rai_cluster_20260429," | mig_142 RAI intent & workflow. Aggregated STRING_AGG / DISTINCT counts from episode row set; rai_intent_v9 version-pinned. | mig_142b: CF-mig142-VALUE-DEGENERATE-UPSTREAM-rai_intent_list — 1 distinct value (""unknown"") across all 862 non-null. Extraction-faithful from upstream rai_treatment_episode_v2.rai_intent which is 100% ""unknown"" (1857/1857) — derived col rai_intent_v9 has 5 distinct values (ablation, adjuvant, remnant_ablation, therapeutic, unknown) and is the analytic SSOT. rai_intent_list useful as raw-aggregate provenance only. Keep verified informational.",10871,10009,862,1,1,0,0,0,862,0,92.071,100.0,0.116,degenerate_single_value,treatment,True,0,0
809,rai_intent_v9,VARCHAR,verified,patient_level_aggregate_rai_per_episode,mig_142_patient_master_rai_cluster_20260429, | mig_142 RAI intent & workflow. Aggregated STRING_AGG / DISTINCT counts from episode row set; rai_intent_v9 version-pinned.,10871,10595,276,5,5,0,0,0,165,0,97.461,59.783,1.812,controlled_vocab_candidate,treatment,True,0,0
816,rai_scan_findings_v9,VARCHAR,verified,patient_level_aggregate_rai_per_episode,mig_142_patient_master_rai_cluster_20260429, | mig_142 RAI intent & workflow. Aggregated STRING_AGG / DISTINCT counts from episode row set; rai_intent_v9 version-pinned.,10871,10344,527,187,187,0,0,27,166,0,95.152,31.499,35.484,high_cardinality_text,treatment,False,0,0
820,rai_validation_tier,VARCHAR,verified,patient_level_aggregate_rai_per_episode,mig_142_patient_master_rai_cluster_20260429, | mig_142 RAI intent & workflow. Aggregated STRING_AGG / DISTINCT counts from episode row set; rai_intent_v9 version-pinned.,10871,10009,862,3,3,0,0,0,821,0,92.071,95.244,0.348,possible_enum_review,treatment,True,0,0
824,ras_primary_subtype_v11,VARCHAR,verified,patient_level_aggregate_per_gene_v2,mig_137_patient_master_molecular_cluster_20260429, | mig_137 molecular cluster (Lane 27). RAS: v2 BOOL_OR(ras_flag OR subtype) vs PM flags — 82-patient (0.75%) v2-only delta documented (≤5% gate); v11/v13 refinement columns phase-pinned.,10871,10555,316,3,3,0,0,316,196,0,97.093,62.025,0.949,controlled_vocab_candidate,molecular,True,0,0
825,ras_protein_change_v11,VARCHAR,verified,patient_level_aggregate_per_gene_v2,mig_137_patient_master_molecular_cluster_20260429, | mig_137 molecular cluster (Lane 27). RAS: v2 BOOL_OR(ras_flag OR subtype) vs PM flags — 82-patient (0.75%) v2-only delta documented (≤5% gate); v11/v13 refinement columns phase-pinned.,10871,10816,55,8,7,0,0,55,39,1,99.494,70.909,12.727,controlled_vocab_candidate,molecular,True,0,1
827,ras_resolution_source_v13,VARCHAR,verified,patient_level_aggregate_per_gene_v2,mig_137_patient_master_molecular_cluster_20260429, | mig_137 molecular cluster (Lane 27). RAS: v2 BOOL_OR(ras_flag OR subtype) vs PM flags — 82-patient (0.75%) v2-only delta documented (≤5% gate); v11/v13 refinement columns phase-pinned.,10871,10837,34,3,3,0,0,0,21,0,99.687,61.765,8.824,free_text_or_identifier,molecular,False,0,0
829,ras_resolved_gene_v13,VARCHAR,verified,patient_level_aggregate_per_gene_v2,mig_137_patient_master_molecular_cluster_20260429, | mig_137 molecular cluster (Lane 27). RAS: v2 BOOL_OR(ras_flag OR subtype) vs PM flags — 82-patient (0.75%) v2-only delta documented (≤5% gate); v11/v13 refinement columns phase-pinned.,10871,10837,34,3,3,0,0,34,19,0,99.687,55.882,8.824,controlled_vocab_candidate,molecular,True,0,0
830,ras_resolved_variant_v13,VARCHAR,verified,patient_level_aggregate_per_gene_v2,mig_137_patient_master_molecular_cluster_20260429, | mig_137 molecular cluster (Lane 27). RAS: v2 BOOL_OR(ras_flag OR subtype) vs PM flags — 82-patient (0.75%) v2-only delta documented (≤5% gate); v11/v13 refinement columns phase-pinned.,10871,10854,17,3,3,0,0,17,14,0,99.844,82.353,17.647,controlled_vocab_candidate,histology,True,0,0
831,ras_subtype,VARCHAR,verified,patient_level_aggregate_per_gene_v2,mig_137_patient_master_molecular_cluster_20260429, | mig_137 molecular cluster (Lane 27). RAS: v2 BOOL_OR(ras_flag OR subtype) vs PM flags — 82-patient (0.75%) v2-only delta documented (≤5% gate); v11/v13 refinement columns phase-pinned.,10871,10697,174,3,3,0,0,174,99,0,98.399,56.897,1.724,controlled_vocab_candidate,molecular,True,0,0
834,rec_source_table,VARCHAR,verified,cross_check_event_grain_inner_join_cast_varchar,mig_138_patient_master_recurrence_response_cluster_20260429, | mig_138 recurrence cluster (Lane 28). rec_* provenance tiers from recurrence classification overlays (Script 224 lineage / patient-spine merges); INNER JOIN probes CAST(rid AS VARCHAR) per recurrence family cross-check doctrine.,10871,8925,1946,2,2,0,0,0,1818,0,82.099,93.422,0.103,possible_enum_review,provenance,True,0,0
837,recurrence_data_confidence,VARCHAR,verified,derivation_vs_canonical_recurrence_resolved_v1,mig_138_patient_master_recurrence_response_cluster_20260429, | mig_138 recurrence cluster (Lane 28). Extended recurrence_site_* / pathology / staging rollups sourced from mig_125 resolved family + pathology spine; `recurrence_histology_v2` cleared from Lane 22 pathology defer bucket.,10871,0,10871,3,3,0,0,10871,10126,0,0.0,93.147,0.028,possible_enum_review,risk_scoring,True,0,0
839,recurrence_definition,VARCHAR,verified,derivation_vs_canonical_recurrence_v1_mig_123_rebuild,mig_138_patient_master_recurrence_response_cluster_20260429," | mig_138 recurrence cluster (Lane 28). Spine: canonical_recurrence_v1 (Script 203b / mig_123). ≤5% post-rebuild lineage drift flagged CF-mig138-CPM-RECURRENCE-SPINE-RESYNC-PENDING — CPM resync gated explicitly. | mig_139 (2026-04-29): CPM recurrence-spine resync from canonical_recurrence_v1 (mig_123 rebuild). Pre-mig_139 drift was 303-1,338 mismatches per col (worst: recurrence_site=1,338); PM was undercounting recurrence_confirmed by ~5x (82 TRUE vs SSOT 514). Post-resync drift = 0 across all 9 cols. CF-mig138-CPM-RECURRENCE-SPINE-RESYNC-PENDING CLOSED. Note: recurrence_date remains TIMESTAMP per upstream CF-mig123-RECURRENCE-DATE-RETYPE; calendar retype is a separate cross-table batch.",10871,0,10871,8,8,0,0,0,9583,0,0.0,88.152,0.074,controlled_vocab_candidate,recurrence_survival,True,1,1
840,recurrence_evidence_source,VARCHAR,verified,derivation_vs_canonical_recurrence_v1_mig_123_rebuild,mig_138_patient_master_recurrence_response_cluster_20260429," | mig_138 recurrence cluster (Lane 28). Spine: canonical_recurrence_v1 (Script 203b / mig_123). ≤5% post-rebuild lineage drift flagged CF-mig138-CPM-RECURRENCE-SPINE-RESYNC-PENDING — CPM resync gated explicitly. | mig_139 (2026-04-29): CPM recurrence-spine resync from canonical_recurrence_v1 (mig_123 rebuild). Pre-mig_139 drift was 303-1,338 mismatches per col (worst: recurrence_site=1,338); PM was undercounting recurrence_confirmed by ~5x (82 TRUE vs SSOT 514). Post-resync drift = 0 across all 9 cols. CF-mig138-CPM-RECURRENCE-SPINE-RESYNC-PENDING CLOSED. Note: recurrence_date remains TIMESTAMP per upstream CF-mig123-RECURRENCE-DATE-RETYPE; calendar retype is a separate cross-table batch.",10871,9583,1288,5,5,0,0,0,729,0,88.152,56.599,0.388,possible_enum_review,recurrence_survival,True,0,0
842,recurrence_histology,VARCHAR,verified,derivation_vs_canonical_recurrence_v1_mig_123_rebuild,mig_138_patient_master_recurrence_response_cluster_20260429," | mig_138 recurrence cluster (Lane 28). Spine: canonical_recurrence_v1 (Script 203b / mig_123). ≤5% post-rebuild lineage drift flagged CF-mig138-CPM-RECURRENCE-SPINE-RESYNC-PENDING — CPM resync gated explicitly. | mig_139 (2026-04-29): CPM recurrence-spine resync from canonical_recurrence_v1 (mig_123 rebuild). Pre-mig_139 drift was 303-1,338 mismatches per col (worst: recurrence_site=1,338); PM was undercounting recurrence_confirmed by ~5x (82 TRUE vs SSOT 514). Post-resync drift = 0 across all 9 cols. CF-mig138-CPM-RECURRENCE-SPINE-RESYNC-PENDING CLOSED. Note: recurrence_date remains TIMESTAMP per upstream CF-mig123-RECURRENCE-DATE-RETYPE; calendar retype is a separate cross-table batch.",10871,10431,440,42,33,7,0,375,234,8,95.953,53.182,7.5,controlled_vocab_candidate,histology,True,23,29
843,recurrence_site,VARCHAR,verified,derivation_vs_canonical_recurrence_v1_mig_123_rebuild,mig_138_patient_master_recurrence_response_cluster_20260429," | mig_138 recurrence cluster (Lane 28). Spine: canonical_recurrence_v1 (Script 203b / mig_123). ≤5% post-rebuild lineage drift flagged CF-mig138-CPM-RECURRENCE-SPINE-RESYNC-PENDING — CPM resync gated explicitly. | mig_139 (2026-04-29): CPM recurrence-spine resync from canonical_recurrence_v1 (mig_123 rebuild). Pre-mig_139 drift was 303-1,338 mismatches per col (worst: recurrence_site=1,338); PM was undercounting recurrence_confirmed by ~5x (82 TRUE vs SSOT 514). Post-resync drift = 0 across all 9 cols. CF-mig138-CPM-RECURRENCE-SPINE-RESYNC-PENDING CLOSED. Note: recurrence_date remains TIMESTAMP per upstream CF-mig123-RECURRENCE-DATE-RETYPE; calendar retype is a separate cross-table batch.",10871,10826,45,45,45,0,0,20,1,0,99.586,2.222,100.0,high_cardinality_text,recurrence_survival,False,0,0
844,recurrence_type,VARCHAR,verified,derivation_vs_canonical_recurrence_v1_mig_123_rebuild,mig_138_patient_master_recurrence_response_cluster_20260429," | mig_138 recurrence cluster (Lane 28). Spine: canonical_recurrence_v1 (Script 203b / mig_123). ≤5% post-rebuild lineage drift flagged CF-mig138-CPM-RECURRENCE-SPINE-RESYNC-PENDING — CPM resync gated explicitly. | mig_139 (2026-04-29): CPM recurrence-spine resync from canonical_recurrence_v1 (mig_123 rebuild). Pre-mig_139 drift was 303-1,338 mismatches per col (worst: recurrence_site=1,338); PM was undercounting recurrence_confirmed by ~5x (82 TRUE vs SSOT 514). Post-resync drift = 0 across all 9 cols. CF-mig138-CPM-RECURRENCE-SPINE-RESYNC-PENDING CLOSED. Note: recurrence_date remains TIMESTAMP per upstream CF-mig123-RECURRENCE-DATE-RETYPE; calendar retype is a separate cross-table batch.",10871,0,10871,7,7,0,0,0,9583,0,0.0,88.152,0.064,controlled_vocab_candidate,recurrence_survival,True,0,0
847,rln_classification,VARCHAR,verified,rln_refined_extracted_rln_injury_v2,mig_135_patient_master_complications_cluster_20260429, | mig_135 complications cluster (Lane 25). RLN refined spine: extracted_rln_injury_refined_v2 / complications tier labels (complements comp_rln_injury_* phenotype cols).,10871,10779,92,4,4,0,0,0,34,0,99.154,36.957,4.348,controlled_vocab_candidate,other,True,0,0
850,rln_injury_evidence,VARCHAR,verified,rln_refined_extracted_rln_injury_v2,mig_135_patient_master_complications_cluster_20260429, | mig_135 complications cluster (Lane 25). RLN refined spine: extracted_rln_injury_refined_v2 / complications tier labels (complements comp_rln_injury_* phenotype cols).,10871,10779,92,3,3,0,0,0,53,0,99.154,57.609,3.261,possible_enum_review,other,True,0,0
853,rln_injury_type,VARCHAR,verified,rln_refined_extracted_rln_injury_v2,mig_135_patient_master_complications_cluster_20260429, | mig_135 complications cluster (Lane 25). RLN refined spine: extracted_rln_injury_refined_v2 / complications tier labels (complements comp_rln_injury_* phenotype cols).,10871,10779,92,4,4,0,0,0,42,0,99.154,45.652,4.348,controlled_vocab_candidate,other,True,0,0
854,rln_laterality,VARCHAR,verified,rln_refined_extracted_rln_injury_v2,mig_135_patient_master_complications_cluster_20260429, | mig_135 complications cluster (Lane 25). RLN refined spine: extracted_rln_injury_refined_v2 / complications tier labels (complements comp_rln_injury_* phenotype cols).,10871,10859,12,3,3,0,0,0,7,0,99.89,58.333,25.0,controlled_vocab_candidate,laterality,True,0,0
856,rln_status,VARCHAR,verified,rln_refined_extracted_rln_injury_v2,mig_135_patient_master_complications_cluster_20260429, | mig_135 complications cluster (Lane 25). RLN refined spine: extracted_rln_injury_refined_v2 / complications tier labels (complements comp_rln_injury_* phenotype cols).,10871,0,10871,4,4,0,0,0,7979,0,0.0,73.397,0.037,controlled_vocab_candidate,other,True,0,0
857,rln_temporality,VARCHAR,verified,rln_refined_extracted_rln_injury_v2,mig_135_patient_master_complications_cluster_20260429, | mig_135 complications cluster (Lane 25). RLN refined spine: extracted_rln_injury_refined_v2 / complications tier labels (complements comp_rln_injury_* phenotype cols).,10871,10779,92,2,2,0,0,0,86,0,99.154,93.478,2.174,controlled_vocab_candidate,other,True,0,0
859,seroma_status,VARCHAR,verified,derivation_legacy_complication_status_varchar_complications_table,mig_135_patient_master_complications_cluster_20260429, | mig_135 complications cluster (Lane 25). SSOT: canonical_complications_events_v1 + rollup mig_108; hypopara/hypocal cross-check mig_102 where applicable.,10871,0,10871,4,4,0,0,0,9997,0,0.0,91.96,0.037,controlled_vocab_candidate,other,True,1,1
860,sex,VARCHAR,verified,derivation_vs_clinical_master_demographics,mig_143_patient_master_small_clusters_bundle_20260429, | mig_143 demographics shard. sex/race passthrough cohort spine + normalized enums; combined with derivation_ages_arithmetic / derivation_bmi_hierarchy overlays.,10871,0,10871,2,2,0,0,0,8459,0,0.0,77.813,0.018,controlled_vocab_candidate,demographics,True,0,0
863,surg_procedure_type,VARCHAR,verified,derivation_procedure_spine_vs_operative_events_mig118_family,mig_130_patient_master_operative_cluster_20260429, | mig_130 operative cluster (Lane 22). surg_* procedure flags/counts vs operative spine + procedure codes family (mig_118).,10871,2138,8733,4,4,0,0,0,4561,0,19.667,52.227,0.046,controlled_vocab_candidate,treatment,True,1,1
868,surv_recurrence_risk_band,VARCHAR,verified,derivation_vs_canonical_survival_followup_v1,mig_155_patient_master_risk_scoring_survival_genetics_cluster_20260429," | mig_155 risk-scoring cluster (155f surv_*). Patient-grain aggregates: max follow-up time, capped horizon, event counts / risk band / Tg log-slope vs canonical_survival_followup_v1 + canonical_labs_thyroglobulin_v1 lane. CF-mig155-SURV-VS-MIG141-CROSS (family consistency vs mig_141 survival cluster).",10871,7107,3764,3,3,0,0,0,1552,0,65.376,41.233,0.08,controlled_vocab_candidate,risk_scoring,True,0,0
871,sx_llm_extraction_method,VARCHAR,verified,extraction_faithfulness_vs_note_entities_llm_presenting_symptoms,mig_157_patient_master_clinical_residual_cluster_20260429, | mig_157 Lane 46 (157a). sx_llm_* + sx_nlp_* vs note_entities_llm_presenting_symptoms; sparse NULL cohort on sx_nlp (CF). | CF-mig157-VALUE-DEGENERATE-UPSTREAM-sx_llm_extraction_method: single distinct string.,10871,10755,116,1,1,0,0,0,116,0,98.933,100.0,0.862,degenerate_single_value,provenance,True,0,0
880,syn_architecture,VARCHAR,verified,extraction_faithfulness_synoptic_cleaned_field,mig_149_patient_master_synoptic_pathology_cluster_20260429, | mig_149 synoptic-pathology cluster (Lane 39). Script-214-style cleaners on tumor_1_* synoptic fields (semicolon strip). Findings-primary vs staging per feedback_findings_vs_staging.md.,10871,9469,1402,85,79,0,8,0,741,6,87.103,52.853,5.635,high_cardinality_text,other,False,0,0
883,syn_capsular_invasion_clean,VARCHAR,verified,extraction_faithfulness_synoptic_cleaned_field,mig_149_patient_master_synoptic_pathology_cluster_20260429, | mig_149 synoptic-pathology cluster (Lane 39). Script-214-style cleaners on tumor_1_* synoptic fields (semicolon strip). Findings-primary vs staging per feedback_findings_vs_staging.md.,10871,9745,1126,4,4,0,0,0,590,0,89.642,52.398,0.355,controlled_vocab_candidate,other,True,0,0
890,syn_frozen_section_result,VARCHAR,verified,derivation_vs_canonical_frozen_section_events_v1,mig_143_patient_master_small_clusters_bundle_20260429, | mig_143 frozen shard. Replay vs canonical_frozen_section_events_v1 mig_100 USING filter (result_raw populated OR synoptic_excel parsed) matching Script**360** `frozen_n_total`; naive unfiltered COUNT≠PM by design (451-patient informational delta). syn_* columns synoptic pathology slice paired with mig_119 rollup close-out.,10871,6810,4061,3860,3838,1245,2343,4004,32,21,62.644,0.788,94.509,high_cardinality_text,other,False,0,0
899,syn_isthmus_size_cm,VARCHAR,verified,patient_level_aggregate_synoptic_per_specimen,mig_149_patient_master_synoptic_pathology_cluster_20260429, | mig_149 synoptic-pathology cluster (Lane 39). Morphometry from path_synoptics ll/rl/isthmus size+weight + parathyroid counts/specimen flag; non-null-first then latest surg_date ordering.,10871,6890,3981,3500,3102,1734,432,64,12,333,63.38,0.301,77.92,high_cardinality_text,other,False,0,0
901,syn_ki67_index,VARCHAR,verified,derivation_vs_path_synoptics_source,mig_149_patient_master_synoptic_pathology_cluster_20260429, | mig_149 synoptic-pathology cluster (Lane 39). Mitotic/numeric grade + Ki-67 VARCHAR + Hurthle/C-cell boolean composites from tumor_1 + benign synoptic slots (Script 214 lineage).,10871,10853,18,13,13,0,0,0,3,0,99.834,16.667,72.222,controlled_vocab_candidate,other,True,0,0
902,syn_left_lobe_size_cm,VARCHAR,verified,patient_level_aggregate_synoptic_per_specimen,mig_149_patient_master_synoptic_pathology_cluster_20260429, | mig_149 synoptic-pathology cluster (Lane 39). Morphometry from path_synoptics ll/rl/isthmus size+weight + parathyroid counts/specimen flag; non-null-first then latest surg_date ordering.,10871,3667,7204,6715,6149,3091,882,90,33,452,33.732,0.458,85.355,high_cardinality_text,other,False,0,0
904,syn_lymphatic_invasion_clean,VARCHAR,verified,extraction_faithfulness_synoptic_cleaned_field,mig_149_patient_master_synoptic_pathology_cluster_20260429, | mig_149 synoptic-pathology cluster (Lane 39). Script-214-style cleaners on tumor_1_* synoptic fields (semicolon strip). Findings-primary vs staging per feedback_findings_vs_staging.md.,10871,7439,3432,5,5,0,0,0,3307,0,68.43,96.358,0.146,controlled_vocab_candidate,other,True,1,1
905,syn_margin_distance_mm_raw_str,VARCHAR,verified,auto_passthrough_raw_str,mig_149_patient_master_synoptic_pathology_cluster_20260429," | mig_149 synoptic-pathology cluster (Lane 39). margin: syn_margin_distance_mm_num from TRY_CAST(NULLIF raw,'nan'); raw_str preserves literal nan per Script 248 PRESERVE_RAW (CF-mig149-SYN-MARGIN-RAW-NAN).",10871,2,10869,53,53,0,0,0,9517,0,0.018,87.561,0.488,free_text_or_identifier,other,False,0,0
906,syn_margin_status_synoptic,VARCHAR,verified,synoptic_surface_upstream_preservation_no_row_number,mig_132_patient_master_pathology_cluster_20260429, | mig_132 pathology cluster (Lane 23). syn_* + ene_path_synoptic; upstream synoptic_row_ix preserved — never ROW_NUMBER()-synthesized.,10871,6914,3957,12,10,0,0,11,3358,2,63.6,84.862,0.253,controlled_vocab_candidate,other,True,5,7
908,syn_mitotic_rate_qualifier,VARCHAR,verified,derivation_vs_path_synoptics_source,mig_149_patient_master_synoptic_pathology_cluster_20260429, | mig_149 synoptic-pathology cluster (Lane 39). Mitotic/numeric grade + Ki-67 VARCHAR + Hurthle/C-cell boolean composites from tumor_1 + benign synoptic slots (Script 214 lineage).,10871,10464,407,4,4,0,0,0,394,0,96.256,96.806,0.983,controlled_vocab_candidate,other,True,1,1
912,syn_necrosis_clean,VARCHAR,verified,extraction_faithfulness_synoptic_cleaned_field,mig_149_patient_master_synoptic_pathology_cluster_20260429, | mig_149 synoptic-pathology cluster (Lane 39). Script-214-style cleaners on tumor_1_* synoptic fields (semicolon strip). Findings-primary vs staging per feedback_findings_vs_staging.md.,10871,10145,726,3,3,0,0,0,715,0,93.322,98.485,0.413,controlled_vocab_candidate,other,True,0,0
914,syn_right_lobe_size_cm,VARCHAR,verified,patient_level_aggregate_synoptic_per_specimen,mig_149_patient_master_synoptic_pathology_cluster_20260429, | mig_149 synoptic-pathology cluster (Lane 39). Morphometry from path_synoptics ll/rl/isthmus size+weight + parathyroid counts/specimen flag; non-null-first then latest surg_date ordering.,10871,3813,7058,6599,6031,3183,924,93,39,457,35.075,0.553,85.449,high_cardinality_text,other,False,0,0
917,syn_tumor2_histologic_type,VARCHAR,verified,synoptic_surface_upstream_preservation_no_row_number,mig_132_patient_master_pathology_cluster_20260429, | mig_132 pathology cluster (Lane 23). syn_* + ene_path_synoptic; upstream synoptic_row_ix preserved — never ROW_NUMBER()-synthesized.,10871,9525,1346,32,29,8,1,1304,1162,2,87.618,86.33,2.155,controlled_vocab_candidate,other,True,21,23
918,syn_tumor2_size_cm,VARCHAR,verified,synoptic_surface_upstream_preservation_no_row_number,mig_132_patient_master_pathology_cluster_20260429, | mig_132 pathology cluster (Lane 23). syn_* + ene_path_synoptic; upstream synoptic_row_ix preserved — never ROW_NUMBER()-synthesized.,10871,9567,1304,87,87,0,0,0,189,0,88.005,14.494,6.672,high_cardinality_text,other,False,0,0
919,tert_platforms_v9,VARCHAR,verified,derivation_vs_canonical_molecular_genetics_v2,mig_137_patient_master_molecular_cluster_20260429, | mig_137 molecular cluster (Lane 27). TERT: v2 tert_flag OR tert_present vs tert_positive*; tert_positive_final 1-patient edge vs v2 rollup; v9 counters/platform LIST passthrough from Phase 9 consolidation.,10871,10795,76,3,3,0,0,76,33,0,99.301,43.421,3.947,controlled_vocab_candidate,molecular,True,0,0
922,tert_status_v7,VARCHAR,verified,derivation_vs_canonical_molecular_genetics_v2,mig_137_patient_master_molecular_cluster_20260429, | mig_137 molecular cluster (Lane 27). TERT: v2 tert_flag OR tert_present vs tert_positive*; tert_positive_final 1-patient edge vs v2 rollup; v9 counters/platform LIST passthrough from Phase 9 consolidation.,10871,847,10024,2,2,0,0,0,9948,0,7.791,99.242,0.02,controlled_vocab_candidate,molecular,True,0,0
925,tert_variant_v9,VARCHAR,verified,derivation_vs_canonical_molecular_genetics_v2,mig_137_patient_master_molecular_cluster_20260429, | mig_137 molecular cluster (Lane 27). TERT: v2 tert_flag OR tert_present vs tert_positive*; tert_positive_final 1-patient edge vs v2 rollup; v9 counters/platform LIST passthrough from Phase 9 consolidation.,10871,10795,76,3,3,0,0,53,50,0,99.301,65.789,3.947,controlled_vocab_candidate,histology,True,0,0
933,tg_trajectory_class,VARCHAR,verified,response_to_therapy_ata_classification_logic,mig_138_patient_master_recurrence_response_cluster_20260429, | mig_138 recurrence cluster (Lane 28). Tg trajectory + limitation flags underpin structured response-to-therapy phenotyping; labs-lane `tg_lab_*` columns verified separately (mig_134). ATA composite logic references longitudinal lab + recurrence SSOT.,10871,8150,2721,5,5,0,0,0,1160,0,74.97,42.631,0.184,controlled_vocab_candidate,other,True,0,0
959,vasc_grade,VARCHAR,verified,derivation_vs_canonical_invasion_events_v1,mig_154_patient_master_pathology_invasion_cluster_20260429, | mig_154 pathology-invasion (154b vascular). WHO 2022 ladder + vessel extrema; internal consistency v13 vasc_* tier. CF-mig154-PM-VI-VS-INVASION-EVENT-PRESENT + CF-mig154-INVASION-FAMILY-LINEAGE.,10871,7120,3751,4,4,0,0,0,3281,0,65.495,87.47,0.107,controlled_vocab_candidate,other,True,0,0
960,vasc_grade_final_v13,VARCHAR,verified,derivation_vs_canonical_invasion_events_v1,mig_154_patient_master_pathology_invasion_cluster_20260429, | mig_154 pathology-invasion (154b vascular). WHO 2022 ladder + vessel extrema; internal consistency v13 vasc_* tier. CF-mig154-PM-VI-VS-INVASION-EVENT-PRESENT + CF-mig154-INVASION-FAMILY-LINEAGE.,10871,7120,3751,4,4,0,0,0,3281,0,65.495,87.47,0.107,controlled_vocab_candidate,other,True,0,0
961,vasc_source_final_v13,VARCHAR,verified,derivation_vs_canonical_invasion_events_v1,mig_154_patient_master_pathology_invasion_cluster_20260429, | mig_154 pathology-invasion (154b vascular). WHO 2022 ladder + vessel extrema; internal consistency v13 vasc_* tier. CF-mig154-PM-VI-VS-INVASION-EVENT-PRESENT + CF-mig154-INVASION-FAMILY-LINEAGE.,10871,7120,3751,3,3,0,0,0,3691,0,65.495,98.4,0.08,possible_enum_review,provenance,True,0,0
963,vascular_invasion_grade,VARCHAR,verified,derivation_vs_canonical_invasion_events_v1,mig_154_patient_master_pathology_invasion_cluster_20260429, | mig_154 pathology-invasion (154b vascular). WHO 2022 ladder + vessel extrema; internal consistency v13 vasc_* tier. CF-mig154-PM-VI-VS-INVASION-EVENT-PRESENT + CF-mig154-INVASION-FAMILY-LINEAGE.,10871,7120,3751,4,4,0,0,0,3281,0,65.495,87.47,0.107,controlled_vocab_candidate,other,True,0,0
964,vascular_who_2022_grade,VARCHAR,verified,derivation_vs_canonical_invasion_events_v1,mig_154_patient_master_pathology_invasion_cluster_20260429, | mig_154 pathology-invasion (154b vascular). WHO 2022 ladder + vessel extrema; internal consistency v13 vasc_* tier. CF-mig154-PM-VI-VS-INVASION-EVENT-PRESENT + CF-mig154-INVASION-FAMILY-LINEAGE.,10871,10471,400,2,2,0,0,0,231,0,96.32,57.75,0.5,controlled_vocab_candidate,other,True,0,0
967,voice_followup_completeness,VARCHAR,verified,prm_rule_followup_adequacy_chain,mig_141_patient_master_survival_cluster_20260429, | mig_141 survival cluster (Lane 30). PRM follow-up adequacy chain vs thyroglobulin_lab_canonical_v1 / longitudinal_lab_canonical_v1 (Lane 25) + complication phenotyping (mig_135) + voice/RLN follow-up slice (mig_98c); INTEGER/BOOLEAN counts per PRM v12 rollup rules.,10871,0,10871,2,2,0,0,0,10846,0,0.0,99.77,0.018,controlled_vocab_candidate,other,True,0,0
968,voice_outcome_category,VARCHAR,verified,derivation_vs_canonical_complications_events_v1,mig_157_patient_master_clinical_residual_cluster_20260429, | mig_157 Lane 46 (157h). voice_*/concern_* complications phenotype; wound_infection_status notes.,10871,0,10871,4,4,0,0,0,10846,0,0.0,99.77,0.037,controlled_vocab_candidate,other,True,2,2
971,worst_ete_v10,VARCHAR,verified,derivation_vs_canonical_ete_subgrade_events_v1,mig_140_patient_master_ete_cluster_20260429, | mig_140 ETE cluster (Lane 29). worst_ete_v10 + ete_refined_grade pinned to mig114 canonical_ete_subgrade_events_v1 / rollup worst-mention logic.,10871,9680,1191,3,3,0,0,0,1089,0,89.044,91.436,0.252,controlled_vocab_candidate,other,True,0,0
972,wound_infection_status,VARCHAR,verified,derivation_vs_canonical_complications_events_v1,mig_157_patient_master_clinical_residual_cluster_20260429, | mig_157 Lane 46 (157h). voice_*/concern_* complications phenotype; wound_infection_status notes.,10871,0,10871,4,4,0,0,0,10855,0,0.0,99.853,0.037,controlled_vocab_candidate,other,True,2,2
980,lab_tsh_unit,VARCHAR,verified,derivation_canonical_labs_rollups_mig115_script347,mig_134_patient_master_labs_cluster_20260429, | mig_134 labs cluster (Lane 25). lab_* aggregates vs mig_115 verified per-analyte canonicals + Script 347 longitudinal_lab_VIEW_v1 union; NULL-safe count semantics.,10871,0,10871,9,7,0,0,10870,10806,2,0.0,99.402,0.064,controlled_vocab_candidate,other,True,5,5
990,lab_vitd_unit,VARCHAR,verified,derivation_canonical_labs_rollups_mig115_script347,mig_134_patient_master_labs_cluster_20260429, | mig_134 labs cluster (Lane 25). lab_* aggregates vs mig_115 verified per-analyte canonicals + Script 347 longitudinal_lab_VIEW_v1 union; NULL-safe count semantics.,10871,0,10871,3,3,0,0,10870,10869,0,0.0,99.982,0.028,controlled_vocab_candidate,other,True,2,2
1000,lab_pth_unit,VARCHAR,verified,derivation_canonical_labs_rollups_mig115_script347,mig_134_patient_master_labs_cluster_20260429, | mig_134 labs cluster (Lane 25). lab_* aggregates vs mig_115 verified per-analyte canonicals + Script 347 longitudinal_lab_VIEW_v1 union; NULL-safe count semantics.,10871,0,10871,2,2,0,0,10871,10870,0,0.0,99.991,0.018,controlled_vocab_candidate,other,True,1,1
1010,lab_calcium_unit,VARCHAR,verified,derivation_canonical_labs_rollups_mig115_script347,mig_134_patient_master_labs_cluster_20260429, | mig_134 labs cluster (Lane 25). lab_* aggregates vs mig_115 verified per-analyte canonicals + Script 347 longitudinal_lab_VIEW_v1 union; NULL-safe count semantics.,10871,0,10871,5,5,0,0,10868,10867,0,0.0,99.963,0.046,controlled_vocab_candidate,other,True,4,4
1017,cnln_modalities_present,VARCHAR,verified,derivation_cervical_ln_multi_source_mig111_113_path_us,mig_133_patient_master_lymph_node_cluster_20260429, | mig_133 lymph_node cluster (Lane 24). cnln_* vs cervical_ln clinical events/rollup + path + imaging modalities.,10871,9435,1436,36,36,0,0,0,919,0,86.791,63.997,2.507,controlled_vocab_candidate,other,True,16,16
1018,cnln_earliest_date,VARCHAR,verified,derivation_cervical_ln_multi_source_mig111_113_path_us,mig_133_patient_master_lymph_node_cluster_20260429, | mig_133 lymph_node cluster (Lane 24). cnln_* vs cervical_ln clinical events/rollup + path + imaging modalities. | CF-mig133-PM-CNCLN-DATE-PARSE: VARCHAR cnln_* anchor dates; TRY_CAST / DATE SSOT joins only; umbrella CF-100-DATE-RETYPE.,10871,10268,603,472,472,0,0,0,5,0,94.453,0.829,78.275,date_or_timestamp_text,other,False,0,0
1019,cnln_latest_date,VARCHAR,verified,derivation_cervical_ln_multi_source_mig111_113_path_us,mig_133_patient_master_lymph_node_cluster_20260429, | mig_133 lymph_node cluster (Lane 24). cnln_* vs cervical_ln clinical events/rollup + path + imaging modalities. | CF-mig133-PM-CNCLN-DATE-PARSE: VARCHAR cnln_* anchor dates; TRY_CAST / DATE SSOT joins only; umbrella CF-100-DATE-RETYPE.,10871,10022,849,583,583,0,0,0,7,0,92.19,0.824,68.669,date_or_timestamp_text,other,False,0,0
1027,cnln_surg_levels_mentioned,VARCHAR,verified,derivation_cervical_ln_multi_source_mig111_113_path_us,mig_133_patient_master_lymph_node_cluster_20260429, | mig_133 lymph_node cluster (Lane 24). cnln_* vs cervical_ln clinical events/rollup + path + imaging modalities.,10871,9766,1105,190,190,0,0,343,636,0,89.835,57.557,17.195,high_cardinality_text,other,False,0,0
1028,cnln_surg_first_date,VARCHAR,verified,derivation_cervical_ln_multi_source_mig111_113_path_us,mig_133_patient_master_lymph_node_cluster_20260429, | mig_133 lymph_node cluster (Lane 24). cnln_* vs cervical_ln clinical events/rollup + path + imaging modalities. | CF-mig133-PM-CNCLN-DATE-PARSE: VARCHAR cnln_* anchor dates; TRY_CAST / DATE SSOT joins only; umbrella CF-100-DATE-RETYPE.,10871,10387,484,380,380,0,0,0,4,0,95.548,0.826,78.512,date_or_timestamp_text,other,False,0,0
1029,cnln_surg_last_date,VARCHAR,verified,derivation_cervical_ln_multi_source_mig111_113_path_us,mig_133_patient_master_lymph_node_cluster_20260429, | mig_133 lymph_node cluster (Lane 24). cnln_* vs cervical_ln clinical events/rollup + path + imaging modalities. | CF-mig133-PM-CNCLN-DATE-PARSE: VARCHAR cnln_* anchor dates; TRY_CAST / DATE SSOT joins only; umbrella CF-100-DATE-RETYPE.,10871,10150,721,495,495,0,0,0,7,0,93.368,0.971,68.655,date_or_timestamp_text,other,False,0,0
1030,cnln_surg_source_note_types,VARCHAR,verified,derivation_cervical_ln_multi_source_mig111_113_path_us,mig_133_patient_master_lymph_node_cluster_20260429, | mig_133 lymph_node cluster (Lane 24). cnln_* vs cervical_ln clinical events/rollup + path + imaging modalities.,10871,9630,1241,39,39,0,0,0,600,0,88.584,48.348,3.143,free_text_or_identifier,provenance,False,0,0
1035,cnln_img_laterality,VARCHAR,verified,derivation_cervical_ln_multi_source_mig111_113_path_us,mig_133_patient_master_lymph_node_cluster_20260429, | mig_133 lymph_node cluster (Lane 24). cnln_* vs cervical_ln clinical events/rollup + path + imaging modalities.,10871,10599,272,31,31,0,0,0,94,0,97.498,34.559,11.397,controlled_vocab_candidate,laterality,True,20,20
1036,cnln_img_levels_mentioned,VARCHAR,verified,derivation_cervical_ln_multi_source_mig111_113_path_us,mig_133_patient_master_lymph_node_cluster_20260429, | mig_133 lymph_node cluster (Lane 24). cnln_* vs cervical_ln clinical events/rollup + path + imaging modalities.,10871,10630,241,62,62,0,0,86,93,0,97.783,38.589,25.726,high_cardinality_text,other,False,0,0
1037,cnln_img_first_date,VARCHAR,verified,derivation_cervical_ln_multi_source_mig111_113_path_us,mig_133_patient_master_lymph_node_cluster_20260429, | mig_133 lymph_node cluster (Lane 24). cnln_* vs cervical_ln clinical events/rollup + path + imaging modalities. | CF-mig133-PM-CNCLN-DATE-PARSE: VARCHAR cnln_* anchor dates; TRY_CAST / DATE SSOT joins only; umbrella CF-100-DATE-RETYPE.,10871,10737,134,125,125,0,0,0,2,0,98.767,1.493,93.284,date_or_timestamp_text,other,False,0,0
1038,cnln_img_last_date,VARCHAR,verified,derivation_cervical_ln_multi_source_mig111_113_path_us,mig_133_patient_master_lymph_node_cluster_20260429, | mig_133 lymph_node cluster (Lane 24). cnln_* vs cervical_ln clinical events/rollup + path + imaging modalities. | CF-mig133-PM-CNCLN-DATE-PARSE: VARCHAR cnln_* anchor dates; TRY_CAST / DATE SSOT joins only; umbrella CF-100-DATE-RETYPE.,10871,10705,166,150,150,0,0,0,3,0,98.473,1.807,90.361,date_or_timestamp_text,other,False,0,0
1048,cnln_source_table,VARCHAR,verified,derivation_cervical_ln_multi_source_mig111_113_path_us,mig_133_patient_master_lymph_node_cluster_20260429, | mig_133 lymph_node cluster (Lane 24). cnln_* vs cervical_ln clinical events/rollup + path + imaging modalities.,10871,0,10871,1,1,0,0,0,10871,0,0.0,100.0,0.009,degenerate_single_value,provenance,True,0,0
1049,recurrence_site_raw,VARCHAR,verified,derivation_vs_canonical_recurrence_resolved_v1,mig_138_patient_master_recurrence_response_cluster_20260429, | mig_138 recurrence cluster (Lane 28). Extended recurrence_site_* / pathology / staging rollups sourced from mig_125 resolved family + pathology spine; `recurrence_histology_v2` cleared from Lane 22 pathology defer bucket.,10871,10794,77,69,67,37,9,76,6,2,99.292,7.792,87.013,free_text_or_identifier,recurrence_survival,False,0,0
1050,recurrence_laterality,VARCHAR,verified,derivation_vs_canonical_recurrence_resolved_v1,mig_138_patient_master_recurrence_response_cluster_20260429, | mig_138 recurrence cluster (Lane 28). Extended recurrence_site_* / pathology / staging rollups sourced from mig_125 resolved family + pathology spine; `recurrence_histology_v2` cleared from Lane 22 pathology defer bucket.,10871,10814,57,3,3,0,0,0,31,0,99.476,54.386,5.263,controlled_vocab_candidate,laterality,True,0,0
1051,recurrence_site_source,VARCHAR,verified,derivation_vs_canonical_recurrence_resolved_v1,mig_138_patient_master_recurrence_response_cluster_20260429, | mig_138 recurrence cluster (Lane 28). Extended recurrence_site_* / pathology / staging rollups sourced from mig_125 resolved family + pathology spine; `recurrence_histology_v2` cleared from Lane 22 pathology defer bucket.,10871,10794,77,1,1,0,0,0,77,0,99.292,100.0,1.299,degenerate_single_value,recurrence_survival,True,0,0
1053,followup_all_sources,VARCHAR,verified,patient_level_aggregate_followup_per_source,mig_141_patient_master_survival_cluster_20260429, | mig_141 survival cluster (Lane 30). Follow-up stack vs Script 233/218 union + canonical_survival_followup_v1 spine (not naive equality to days_from_first_surgery_to_last_contact alone); DATE-typed calendar anchors for followup_or_death_date per feedback_clinical_dates_calendar_only.,10871,10,10861,281,281,0,0,0,3140,0,0.092,28.911,2.587,free_text_or_identifier,provenance,False,0,0
1054,followup_recovery_method,VARCHAR,verified,patient_level_aggregate_followup_per_source,mig_141_patient_master_survival_cluster_20260429, | mig_141 survival cluster (Lane 30). Follow-up stack vs Script 233/218 union + canonical_survival_followup_v1 spine (not naive equality to days_from_first_surgery_to_last_contact alone); DATE-typed calendar anchors for followup_or_death_date per feedback_clinical_dates_calendar_only.,10871,10,10861,19,19,0,0,0,4983,0,0.092,45.88,0.175,controlled_vocab_candidate,provenance,True,1,1
1062,nucmed_lab_source,VARCHAR,verified,patient_level_aggregate_nucmed_per_scan,mig_147_patient_master_nucmed_imaging_cluster_20260429, | mig_147 stim scan linkage (Lane 37). **`nucmed_first_scan_with_labs`/`_last_scan_with_labs`**: DATE-intent rollup from **`scandate`** as persisted (**VARCHAR** on CPM) — CF-mig147-PM-NUCMED-DATE-VARCHAR. **`nucmed_lab_source`** literal `nuclear_med.lab_summary`.,10871,10424,447,1,1,0,0,0,447,0,95.888,100.0,0.224,degenerate_single_value,provenance,True,0,0
1063,ct_indication_first,VARCHAR,verified,derivation_vs_canonical_ct_imaging_v1,mig_145_patient_master_ct_imaging_cluster_20260429," | mig_145 CT cluster (Lane 35). Non-boolean rollups (MIN/MAX exam DATE, DISTINCT exam counts, first-exam contrast/type, STRING_AGG/indication + last-exam thyroid/LN/airway TEXT, MAX LN short-axis mm) replayed vs main.ct_imaging with 219 ct_only exam filter + script 219 staging; calendar dates are DATE; NULL where no CT roll-up.",10871,7837,3034,2504,2417,0,57,2699,86,60,72.091,2.835,79.664,high_cardinality_text,other,False,0,0
1064,ct_indication_last,VARCHAR,verified,derivation_vs_canonical_ct_imaging_v1,mig_145_patient_master_ct_imaging_cluster_20260429," | mig_145 CT cluster (Lane 35). Non-boolean rollups (MIN/MAX exam DATE, DISTINCT exam counts, first-exam contrast/type, STRING_AGG/indication + last-exam thyroid/LN/airway TEXT, MAX LN short-axis mm) replayed vs main.ct_imaging with 219 ct_only exam filter + script 219 staging; calendar dates are DATE; NULL where no CT roll-up.",10871,7837,3034,2506,2440,0,64,2643,99,46,72.091,3.263,80.422,high_cardinality_text,other,False,0,0
1067,ct_exam_type_first,VARCHAR,verified,derivation_vs_canonical_ct_imaging_v1,mig_145_patient_master_ct_imaging_cluster_20260429," | mig_145 CT cluster (Lane 35). Non-boolean rollups (MIN/MAX exam DATE, DISTINCT exam counts, first-exam contrast/type, STRING_AGG/indication + last-exam thyroid/LN/airway TEXT, MAX LN short-axis mm) replayed vs main.ct_imaging with 219 ct_only exam filter + script 219 staging; calendar dates are DATE; NULL where no CT roll-up.",10871,7837,3034,33,33,0,0,3034,1492,0,72.091,49.176,1.088,controlled_vocab_candidate,other,True,25,25
1068,ct_contrast_first,VARCHAR,verified,derivation_vs_canonical_ct_imaging_v1,mig_145_patient_master_ct_imaging_cluster_20260429," | mig_145 CT cluster (Lane 35). Non-boolean rollups (MIN/MAX exam DATE, DISTINCT exam counts, first-exam contrast/type, STRING_AGG/indication + last-exam thyroid/LN/airway TEXT, MAX LN short-axis mm) replayed vs main.ct_imaging with 219 ct_only exam filter + script 219 staging; calendar dates are DATE; NULL where no CT roll-up.",10871,7837,3034,2,2,0,0,3034,2090,0,72.091,68.886,0.066,controlled_vocab_candidate,molecular,True,0,0
1069,ct_thyroid_details_last,VARCHAR,verified,derivation_vs_canonical_ct_imaging_v1,mig_145_patient_master_ct_imaging_cluster_20260429," | mig_145 CT cluster (Lane 35). Non-boolean rollups (MIN/MAX exam DATE, DISTINCT exam counts, first-exam contrast/type, STRING_AGG/indication + last-exam thyroid/LN/airway TEXT, MAX LN short-axis mm) replayed vs main.ct_imaging with 219 ct_only exam filter + script 219 staging; calendar dates are DATE; NULL where no CT roll-up.",10871,8625,2246,2240,2240,39,24,2175,4,0,79.34,0.178,99.733,free_text_or_identifier,other,False,0,0
1070,ct_ln_details_last,VARCHAR,verified,derivation_vs_canonical_ct_imaging_v1,mig_145_patient_master_ct_imaging_cluster_20260429," | mig_145 CT cluster (Lane 35). Non-boolean rollups (MIN/MAX exam DATE, DISTINCT exam counts, first-exam contrast/type, STRING_AGG/indication + last-exam thyroid/LN/airway TEXT, MAX LN short-axis mm) replayed vs main.ct_imaging with 219 ct_only exam filter + script 219 staging; calendar dates are DATE; NULL where no CT roll-up.",10871,8603,2268,1348,1348,11,19,2250,399,0,79.137,17.593,59.436,high_cardinality_text,other,False,0,0
1071,ct_ln_locations_last,VARCHAR,verified,derivation_vs_canonical_ct_imaging_v1,mig_145_patient_master_ct_imaging_cluster_20260429," | mig_145 CT cluster (Lane 35). Non-boolean rollups (MIN/MAX exam DATE, DISTINCT exam counts, first-exam contrast/type, STRING_AGG/indication + last-exam thyroid/LN/airway TEXT, MAX LN short-axis mm) replayed vs main.ct_imaging with 219 ct_only exam filter + script 219 staging; calendar dates are DATE; NULL where no CT roll-up.",10871,9967,904,476,476,0,0,413,130,0,91.684,14.381,52.655,high_cardinality_text,other,False,0,0
1073,ct_airway_comment_last,VARCHAR,verified,derivation_vs_canonical_ct_imaging_v1,mig_145_patient_master_ct_imaging_cluster_20260429," | mig_145 CT cluster (Lane 35). Non-boolean rollups (MIN/MAX exam DATE, DISTINCT exam counts, first-exam contrast/type, STRING_AGG/indication + last-exam thyroid/LN/airway TEXT, MAX LN short-axis mm) replayed vs main.ct_imaging with 219 ct_only exam filter + script 219 staging; calendar dates are DATE; NULL where no CT roll-up.",10871,9880,991,983,983,2,0,958,3,0,90.884,0.303,99.193,free_text_or_identifier,other,False,0,0
1085,pet_other_indication_first,VARCHAR,verified,derivation_vs_canonical_pet_other_rollups_v219,mig_146_patient_master_mri_pet_imaging_cluster_20260429," | mig_146 PET-Other cohort: ct_imaging rows in the misc `Other` exam_type bucket recovered via Script 219 Task 2 Regex staging into `_pet_other_recovered_v1`/`_pet_other_rollup_v1`, merged onto CPM in Script 219 Step 6.3.",10871,10799,72,70,70,0,8,70,3,0,99.338,4.167,97.222,high_cardinality_text,other,False,0,0
1088,pet_other_exam_type,VARCHAR,verified,derivation_vs_canonical_pet_other_rollups_v219,mig_146_patient_master_mri_pet_imaging_cluster_20260429," | mig_146 PET-Other cohort: ct_imaging rows in the misc `Other` exam_type bucket recovered via Script 219 Task 2 Regex staging into `_pet_other_recovered_v1`/`_pet_other_rollup_v1`, merged onto CPM in Script 219 Step 6.3.",10871,10799,72,2,2,0,0,72,70,0,99.338,97.222,2.778,controlled_vocab_candidate,other,True,0,0
1089,pet_other_extraction_method,VARCHAR,verified,derivation_vs_canonical_pet_other_rollups_v219,mig_146_patient_master_mri_pet_imaging_cluster_20260429," | mig_146 PET-Other cohort: ct_imaging rows in the misc `Other` exam_type bucket recovered via Script 219 Task 2 Regex staging into `_pet_other_recovered_v1`/`_pet_other_rollup_v1`, merged onto CPM in Script 219 Step 6.3.",10871,10799,72,1,1,0,0,0,72,0,99.338,100.0,1.389,degenerate_single_value,provenance,True,0,0
1090,nucmed_indication_first,VARCHAR,verified,derivation_vs_canonical_nucmed_nuclear_med_v1,mig_147_patient_master_nucmed_imaging_cluster_20260429," | mig_147 NM cluster (Lane 37). Patient-level aggregates replay `main.nuclear_med` + DISTINCT ON rollup (207/219): `nucmed_n_scans`, stratified indications, LIST_SORT-style STRING_AGG for `nucmed_scan_types`.",10871,9751,1120,892,892,0,6,0,61,0,89.697,5.446,79.643,high_cardinality_text,other,False,0,0
1091,nucmed_indication_last,VARCHAR,verified,derivation_vs_canonical_nucmed_nuclear_med_v1,mig_147_patient_master_nucmed_imaging_cluster_20260429," | mig_147 NM cluster (Lane 37). Patient-level aggregates replay `main.nuclear_med` + DISTINCT ON rollup (207/219): `nucmed_n_scans`, stratified indications, LIST_SORT-style STRING_AGG for `nucmed_scan_types`.",10871,9751,1120,897,897,0,5,0,48,0,89.697,4.286,80.089,high_cardinality_text,other,False,0,0
1092,nucmed_impression_last,VARCHAR,verified,derivation_vs_canonical_nucmed_nuclear_med_v1,mig_147_patient_master_nucmed_imaging_cluster_20260429, | mig_147 NM impressions (Lane 37). LAST_VALUE / DISTINCT ON `nucmed_impression_*`/`nucmed_findings_*` keyed by parsed scan DATE; `nucmed_n_with_impression` counts rows with LENGTH>5.,10871,10036,835,718,718,0,126,0,77,0,92.319,9.222,85.988,high_cardinality_text,other,False,0,0
1093,nucmed_findings_last,VARCHAR,verified,derivation_vs_canonical_nucmed_nuclear_med_v1,mig_147_patient_master_nucmed_imaging_cluster_20260429, | mig_147 NM impressions (Lane 37). LAST_VALUE / DISTINCT ON `nucmed_impression_*`/`nucmed_findings_*` keyed by parsed scan DATE; `nucmed_n_with_impression` counts rows with LENGTH>5.,10871,9985,886,835,835,0,118,0,8,0,91.85,0.903,94.244,high_cardinality_text,other,False,0,0
1103,nucmed_overall_assessment,VARCHAR,verified,derivation_vs_canonical_nucmed_nuclear_med_v1,mig_147_patient_master_nucmed_imaging_cluster_20260429, | mig_147 `nucmed_overall_assessment` (Lane 37). Severity ladder ranks exam-level classes then applies MAX rank → patient VARCHAR (`metastasis_mentioned`/`NED`/`thyroid_bed_only`/`other`).,10871,9723,1148,4,4,0,0,278,742,0,89.44,64.634,0.348,controlled_vocab_candidate,other,True,0,0
1108,lnus_indication_first,VARCHAR,verified,derivation_us_lymph_node_surface_mig117,mig_133_patient_master_lymph_node_cluster_20260429, | mig_133 lymph_node cluster (Lane 24). lnus_* vs canonical_us_lymph_node_v2 + CPM staging context.,10871,10811,60,57,56,0,2,56,3,1,99.448,5.0,93.333,high_cardinality_text,other,False,0,0
1109,lnus_impression_last,VARCHAR,verified,derivation_us_lymph_node_surface_mig117,mig_133_patient_master_lymph_node_cluster_20260429, | mig_133 lymph_node cluster (Lane 24). lnus_* vs canonical_us_lymph_node_v2 + CPM staging context.,10871,10814,57,56,56,3,44,57,2,0,99.476,3.509,98.246,high_cardinality_text,other,False,0,0
1113,lnus_source,VARCHAR,verified,derivation_us_lymph_node_surface_mig117,mig_133_patient_master_lymph_node_cluster_20260429, | mig_133 lymph_node cluster (Lane 24). lnus_* vs canonical_us_lymph_node_v2 + CPM staging context.,10871,10810,61,1,1,0,0,61,61,0,99.439,100.0,1.639,degenerate_single_value,provenance,True,0,0
1114,nsqip_operation_date,VARCHAR,verified,external_registry_nsqip_study_linkage_on_cpm,mig_130_patient_master_operative_cluster_20260429, | mig_130 operative cluster (Lane 22). nsqip_* study/registry join columns.,10871,9610,1261,918,918,0,0,0,5,0,88.4,0.397,72.799,date_or_timestamp_text,other,False,0,0
1115,nsqip_match_method,VARCHAR,verified,external_registry_nsqip_study_linkage_on_cpm,mig_130_patient_master_operative_cluster_20260429, | mig_130 operative cluster (Lane 22). nsqip_* study/registry join columns.,10871,9610,1261,4,4,0,0,1261,1075,0,88.4,85.25,0.317,controlled_vocab_candidate,provenance,True,2,2
1119,nsqip_first_readmission_date,VARCHAR,verified,external_registry_nsqip_study_linkage_on_cpm,mig_130_patient_master_operative_cluster_20260429, | mig_130 operative cluster (Lane 22). nsqip_* study/registry join columns.,10871,10842,29,29,29,0,0,0,1,0,99.733,3.448,100.0,date_or_timestamp_text,other,False,0,0
1120,nsqip_hypocalcemia,VARCHAR,verified,external_registry_nsqip_study_linkage_on_cpm,mig_130_patient_master_operative_cluster_20260429, | mig_130 operative cluster (Lane 22). nsqip_* study/registry join columns.,10871,9928,943,3,3,0,0,943,857,0,91.326,90.88,0.318,controlled_vocab_candidate,other,True,0,0
1121,nsqip_hypocalcemia_predischarge,VARCHAR,verified,external_registry_nsqip_study_linkage_on_cpm,mig_130_patient_master_operative_cluster_20260429, | mig_130 operative cluster (Lane 22). nsqip_* study/registry join columns.,10871,9926,945,3,3,0,0,945,913,0,91.307,96.614,0.317,controlled_vocab_candidate,other,True,1,1
1122,nsqip_hypocalcemia_postdischarge,VARCHAR,verified,external_registry_nsqip_study_linkage_on_cpm,mig_130_patient_master_operative_cluster_20260429, | mig_130 operative cluster (Lane 22). nsqip_* study/registry join columns.,10871,9928,943,3,3,0,0,943,857,0,91.326,90.88,0.318,controlled_vocab_candidate,other,True,0,0
1123,nsqip_hypocalcemia_event,VARCHAR,verified,external_registry_nsqip_study_linkage_on_cpm,mig_130_patient_master_operative_cluster_20260429, | mig_130 operative cluster (Lane 22). nsqip_* study/registry join columns.,10871,10182,689,2,2,0,0,689,656,0,93.662,95.21,0.29,controlled_vocab_candidate,other,True,0,0
1124,nsqip_hypocalcemia_event_type,VARCHAR,verified,external_registry_nsqip_study_linkage_on_cpm,mig_130_patient_master_operative_cluster_20260429, | mig_130 operative cluster (Lane 22). nsqip_* study/registry join columns.,10871,10838,33,5,5,0,0,33,13,0,99.696,39.394,15.152,controlled_vocab_candidate,other,True,0,0
1125,nsqip_iv_calcium,VARCHAR,verified,external_registry_nsqip_study_linkage_on_cpm,mig_130_patient_master_operative_cluster_20260429, | mig_130 operative cluster (Lane 22). nsqip_* study/registry join columns.,10871,10614,257,3,3,0,0,257,243,0,97.636,94.553,1.167,controlled_vocab_candidate,other,True,0,0
1126,nsqip_calcium_checked,VARCHAR,verified,external_registry_nsqip_study_linkage_on_cpm,mig_130_patient_master_operative_cluster_20260429, | mig_130 operative cluster (Lane 22). nsqip_* study/registry join columns.,10871,9926,945,2,2,0,0,945,745,0,91.307,78.836,0.212,controlled_vocab_candidate,other,True,0,0
1127,nsqip_pth_checked,VARCHAR,verified,external_registry_nsqip_study_linkage_on_cpm,mig_130_patient_master_operative_cluster_20260429, | mig_130 operative cluster (Lane 22). nsqip_* study/registry join columns.,10871,9928,943,2,2,0,0,943,814,0,91.326,86.32,0.212,controlled_vocab_candidate,other,True,0,0
1128,nsqip_calcium_vitd_replacement,VARCHAR,verified,external_registry_nsqip_study_linkage_on_cpm,mig_130_patient_master_operative_cluster_20260429, | mig_130 operative cluster (Lane 22). nsqip_* study/registry join columns.,10871,9926,945,4,4,0,0,945,478,0,91.307,50.582,0.423,controlled_vocab_candidate,other,True,0,0
1129,nsqip_calcium_vitd_last_check,VARCHAR,verified,external_registry_nsqip_study_linkage_on_cpm,mig_130_patient_master_operative_cluster_20260429, | mig_130 operative cluster (Lane 22). nsqip_* study/registry join columns.,10871,10614,257,5,5,0,0,257,102,0,97.636,39.689,1.946,controlled_vocab_candidate,other,True,0,0
1130,nsqip_hypocalcemia_last_check,VARCHAR,verified,external_registry_nsqip_study_linkage_on_cpm,mig_130_patient_master_operative_cluster_20260429, | mig_130 operative cluster (Lane 22). nsqip_* study/registry join columns.,10871,10614,257,3,3,0,0,257,243,0,97.636,94.553,1.167,controlled_vocab_candidate,other,True,0,0
1131,nsqip_rln_injury,VARCHAR,verified,external_registry_nsqip_study_linkage_on_cpm,mig_130_patient_master_operative_cluster_20260429, | mig_130 operative cluster (Lane 22). nsqip_* study/registry join columns.,10871,9925,946,6,6,0,0,946,843,0,91.298,89.112,0.634,controlled_vocab_candidate,other,True,1,1
1132,nsqip_neck_hematoma,VARCHAR,verified,external_registry_nsqip_study_linkage_on_cpm,mig_130_patient_master_operative_cluster_20260429, | mig_130 operative cluster (Lane 22). nsqip_* study/registry join columns.,10871,9925,946,7,7,0,0,946,920,0,91.298,97.252,0.74,controlled_vocab_candidate,other,True,2,2
1135,nsqip_discharge_destination,VARCHAR,verified,external_registry_nsqip_study_linkage_on_cpm,mig_130_patient_master_operative_cluster_20260429, | mig_130 operative cluster (Lane 22). nsqip_* study/registry join columns.,10871,9623,1248,6,6,0,0,1248,826,0,88.52,66.186,0.481,controlled_vocab_candidate,other,True,4,4
1136,nsqip_death_30d,VARCHAR,verified,external_registry_nsqip_study_linkage_on_cpm,mig_130_patient_master_operative_cluster_20260429, | mig_130 operative cluster (Lane 22). nsqip_* study/registry join columns.,10871,9626,1245,2,2,0,0,1245,1244,0,88.548,99.92,0.161,controlled_vocab_candidate,recurrence_survival,True,1,1
1139,nsqip_inpatient_outpatient,VARCHAR,verified,external_registry_nsqip_study_linkage_on_cpm,mig_130_patient_master_operative_cluster_20260429, | mig_130 operative cluster (Lane 22). nsqip_* study/registry join columns.,10871,9610,1261,2,2,0,0,1261,1073,0,88.4,85.091,0.159,controlled_vocab_candidate,other,True,0,0
1141,nsqip_cpt_description,VARCHAR,verified,external_registry_nsqip_study_linkage_on_cpm,mig_130_patient_master_operative_cluster_20260429, | mig_130 operative cluster (Lane 22). nsqip_* study/registry join columns.,10871,9610,1261,6,6,0,0,1261,689,0,88.4,54.639,0.476,controlled_vocab_candidate,other,True,0,0
1142,nsqip_primary_indication,VARCHAR,verified,external_registry_nsqip_study_linkage_on_cpm,mig_130_patient_master_operative_cluster_20260429, | mig_130 operative cluster (Lane 22). nsqip_* study/registry join columns.,10871,9927,944,12,12,0,0,944,294,0,91.316,31.144,1.271,controlled_vocab_candidate,other,True,1,1
1143,nsqip_operative_approach,VARCHAR,verified,external_registry_nsqip_study_linkage_on_cpm,mig_130_patient_master_operative_cluster_20260429, | mig_130 operative cluster (Lane 22). nsqip_* study/registry join columns.,10871,10377,494,1,1,0,0,494,494,0,95.456,100.0,0.202,degenerate_single_value,other,True,0,0
1144,nsqip_central_neck_dissection,VARCHAR,verified,external_registry_nsqip_study_linkage_on_cpm,mig_130_patient_master_operative_cluster_20260429, | mig_130 operative cluster (Lane 22). nsqip_* study/registry join columns.,10871,9925,946,3,3,0,0,946,697,0,91.298,73.679,0.317,controlled_vocab_candidate,other,True,1,1
1145,nsqip_lateral_neck_dissection,VARCHAR,verified,external_registry_nsqip_study_linkage_on_cpm,mig_130_patient_master_operative_cluster_20260429, | mig_130 operative cluster (Lane 22). nsqip_* study/registry join columns.,10871,10614,257,2,2,0,0,257,218,0,97.636,84.825,0.778,controlled_vocab_candidate,other,True,0,0
1146,nsqip_vessel_sealant,VARCHAR,verified,external_registry_nsqip_study_linkage_on_cpm,mig_130_patient_master_operative_cluster_20260429, | mig_130 operative cluster (Lane 22). nsqip_* study/registry join columns.,10871,10181,690,2,2,0,0,690,591,0,93.653,85.652,0.29,controlled_vocab_candidate,other,True,0,0
1147,nsqip_rln_monitoring,VARCHAR,verified,external_registry_nsqip_study_linkage_on_cpm,mig_130_patient_master_operative_cluster_20260429, | mig_130 operative cluster (Lane 22). nsqip_* study/registry join columns.,10871,9927,944,2,2,0,0,944,730,0,91.316,77.331,0.212,controlled_vocab_candidate,other,True,0,0
1148,nsqip_drain_usage,VARCHAR,verified,external_registry_nsqip_study_linkage_on_cpm,mig_130_patient_master_operative_cluster_20260429, | mig_130 operative cluster (Lane 22). nsqip_* study/registry join columns.,10871,9921,950,2,2,0,0,950,666,0,91.261,70.105,0.211,controlled_vocab_candidate,treatment,True,0,0
1149,nsqip_tobacco_use,VARCHAR,verified,external_registry_nsqip_study_linkage_on_cpm,mig_130_patient_master_operative_cluster_20260429, | mig_130 operative cluster (Lane 22). nsqip_* study/registry join columns.,10871,9610,1261,2,2,0,0,1261,1116,0,88.4,88.501,0.159,controlled_vocab_candidate,other,True,0,0
1150,nsqip_heart_failure,VARCHAR,verified,external_registry_nsqip_study_linkage_on_cpm,mig_130_patient_master_operative_cluster_20260429, | mig_130 operative cluster (Lane 22). nsqip_* study/registry join columns.,10871,9610,1261,2,2,0,0,1261,1234,0,88.4,97.859,0.159,controlled_vocab_candidate,other,True,0,0
1151,nsqip_copd,VARCHAR,verified,external_registry_nsqip_study_linkage_on_cpm,mig_130_patient_master_operative_cluster_20260429, | mig_130 operative cluster (Lane 22). nsqip_* study/registry join columns.,10871,9610,1261,2,2,0,0,1261,1239,0,88.4,98.255,0.159,controlled_vocab_candidate,other,True,0,0
1152,nsqip_bleeding_disorder,VARCHAR,verified,external_registry_nsqip_study_linkage_on_cpm,mig_130_patient_master_operative_cluster_20260429, | mig_130 operative cluster (Lane 22). nsqip_* study/registry join columns.,10871,9610,1261,2,2,0,0,1261,1246,0,88.4,98.81,0.159,controlled_vocab_candidate,other,True,0,0
1153,nsqip_disseminated_cancer,VARCHAR,verified,external_registry_nsqip_study_linkage_on_cpm,mig_130_patient_master_operative_cluster_20260429, | mig_130 operative cluster (Lane 22). nsqip_* study/registry join columns.,10871,9610,1261,2,2,0,0,1261,1253,0,88.4,99.366,0.159,controlled_vocab_candidate,other,True,0,0
1168,nsqip_admission_date,VARCHAR,verified,external_registry_nsqip_study_linkage_on_cpm,mig_130_patient_master_operative_cluster_20260429, | mig_130 operative cluster (Lane 22). nsqip_* study/registry join columns.,10871,9610,1261,973,973,0,0,0,5,0,88.4,0.397,77.161,date_or_timestamp_text,other,False,0,0
1169,nsqip_discharge_date,VARCHAR,verified,external_registry_nsqip_study_linkage_on_cpm,mig_130_patient_master_operative_cluster_20260429, | mig_130 operative cluster (Lane 22). nsqip_* study/registry join columns.,10871,9610,1261,958,958,0,0,0,6,0,88.4,0.476,75.971,date_or_timestamp_text,other,False,0,0
1170,nsqip_surgery_start_time,VARCHAR,verified,external_registry_nsqip_study_linkage_on_cpm,mig_130_patient_master_operative_cluster_20260429, | mig_130 operative cluster (Lane 22). nsqip_* study/registry join columns.,10871,9610,1261,1260,1260,0,0,0,2,0,88.4,0.159,99.921,high_cardinality_text,treatment,False,0,0
1171,nsqip_surgery_finish_time,VARCHAR,verified,external_registry_nsqip_study_linkage_on_cpm,mig_130_patient_master_operative_cluster_20260429, | mig_130 operative cluster (Lane 22). nsqip_* study/registry join columns.,10871,9610,1261,1261,1261,0,0,0,1,0,88.4,0.079,100.0,high_cardinality_text,treatment,False,0,0
1181,nsqip_final_pathology,VARCHAR,verified,external_registry_nsqip_study_linkage_on_cpm,mig_130_patient_master_operative_cluster_20260429, | mig_130 operative cluster (Lane 22). nsqip_* study/registry join columns.,10871,10614,257,46,46,0,14,257,88,0,97.636,34.241,17.899,high_cardinality_text,other,False,0,0
1182,nsqip_t_classification,VARCHAR,verified,external_registry_nsqip_study_linkage_on_cpm,mig_130_patient_master_operative_cluster_20260429, | mig_130 operative cluster (Lane 22). nsqip_* study/registry join columns.,10871,10502,369,11,11,0,0,369,121,0,96.606,32.791,2.981,controlled_vocab_candidate,other,True,2,2
1183,nsqip_multifocal,VARCHAR,verified,external_registry_nsqip_study_linkage_on_cpm,mig_130_patient_master_operative_cluster_20260429, | mig_130 operative cluster (Lane 22). nsqip_* study/registry join columns.,10871,10502,369,3,3,0,167,369,202,0,96.606,54.743,0.813,controlled_vocab_candidate,other,True,0,2
1184,nsqip_n_classification,VARCHAR,verified,external_registry_nsqip_study_linkage_on_cpm,mig_130_patient_master_operative_cluster_20260429, | mig_130 operative cluster (Lane 22). nsqip_* study/registry join columns.,10871,10501,370,7,7,0,0,370,102,0,96.596,27.568,1.892,controlled_vocab_candidate,other,True,0,0
1187,nsqip_m_classification,VARCHAR,verified,external_registry_nsqip_study_linkage_on_cpm,mig_130_patient_master_operative_cluster_20260429, | mig_130 operative cluster (Lane 22). nsqip_* study/registry join columns.,10871,10550,321,3,3,0,0,321,295,0,97.047,91.9,0.935,controlled_vocab_candidate,other,True,1,1
1188,nsqip_neoplasm,VARCHAR,verified,external_registry_nsqip_study_linkage_on_cpm,mig_130_patient_master_operative_cluster_20260429, | mig_130 operative cluster (Lane 22). nsqip_* study/registry join columns.,10871,10180,691,2,2,0,0,691,442,0,93.644,63.965,0.289,controlled_vocab_candidate,other,True,0,0
1189,nsqip_neoplasm_type,VARCHAR,verified,external_registry_nsqip_study_linkage_on_cpm,mig_130_patient_master_operative_cluster_20260429, | mig_130 operative cluster (Lane 22). nsqip_* study/registry join columns.,10871,10429,442,9,9,0,0,442,238,0,95.934,53.846,2.036,controlled_vocab_candidate,other,True,3,3
1190,nsqip_prior_neck_surgery,VARCHAR,verified,external_registry_nsqip_study_linkage_on_cpm,mig_130_patient_master_operative_cluster_20260429, | mig_130 operative cluster (Lane 22). nsqip_* study/registry join columns.,10871,9927,944,6,6,0,0,944,788,0,91.316,83.475,0.636,controlled_vocab_candidate,treatment,True,0,0
1191,nsqip_preop_biopsy_result,VARCHAR,verified,external_registry_nsqip_study_linkage_on_cpm,mig_130_patient_master_operative_cluster_20260429, | mig_130 operative cluster (Lane 22). nsqip_* study/registry join columns.,10871,10007,864,10,10,0,0,864,312,0,92.052,36.111,1.157,controlled_vocab_candidate,other,True,0,0
1192,nsqip_molecular_testing,VARCHAR,verified,external_registry_nsqip_study_linkage_on_cpm,mig_130_patient_master_operative_cluster_20260429, | mig_130 operative cluster (Lane 22). nsqip_* study/registry join columns.,10871,10624,247,2,2,0,0,247,195,0,97.728,78.947,0.81,controlled_vocab_candidate,molecular,True,0,0
1193,nsqip_molecular_result,VARCHAR,verified,external_registry_nsqip_study_linkage_on_cpm,mig_130_patient_master_operative_cluster_20260429, | mig_130 operative cluster (Lane 22). nsqip_* study/registry join columns.,10871,10819,52,4,4,0,0,52,28,0,99.522,53.846,7.692,controlled_vocab_candidate,molecular,True,0,0
1199,nsqip_calcium_vitd_category,VARCHAR,verified,external_registry_nsqip_study_linkage_on_cpm,mig_130_patient_master_operative_cluster_20260429, | mig_130 operative cluster (Lane 22). nsqip_* study/registry join columns.,10871,9926,945,4,4,0,0,945,478,0,91.307,50.582,0.423,controlled_vocab_candidate,other,True,0,0
1201,para_removal_intent,VARCHAR,verified,derivation_vs_canonical_parathyroid_patient_rollup_v1,mig_150_patient_master_parathyroid_postop_tp_cluster_20260429, | mig_150 para/postop/TP cluster (Lane 40). Intent + incidental categorical + ingestion provenance; cross-check complication hypopara tier is clinical not identical.,10871,7211,3660,6,6,0,0,0,3237,0,66.332,88.443,0.164,controlled_vocab_candidate,other,True,2,2
1202,para_incidental_status_refined,VARCHAR,verified,derivation_vs_canonical_parathyroid_patient_rollup_v1,mig_150_patient_master_parathyroid_postop_tp_cluster_20260429, | mig_150 para/postop/TP cluster (Lane 40). Intent + incidental categorical + ingestion provenance; cross-check complication hypopara tier is clinical not identical.,10871,7211,3660,3,3,0,0,0,2406,0,66.332,65.738,0.082,possible_enum_review,other,True,0,0
1204,para_abnormality_type,VARCHAR,verified,patient_level_aggregate_parathyroid_per_gland_221b,mig_150_patient_master_parathyroid_postop_tp_cluster_20260429, | mig_150 para/postop/TP cluster (Lane 40). Gland enumeration + cellularity + weight extremes; anchors canonical_parathyroid_events_v1 rollup semantics.,10871,8919,1952,3,3,0,0,0,941,0,82.044,48.207,0.154,controlled_vocab_candidate,other,True,0,0
1211,para_source_workbook,VARCHAR,verified,derivation_vs_canonical_parathyroid_patient_rollup_v1,mig_150_patient_master_parathyroid_postop_tp_cluster_20260429, | mig_150 para/postop/TP cluster (Lane 40). Intent + incidental categorical + ingestion provenance; cross-check complication hypopara tier is clinical not identical.,10871,7211,3660,1,1,0,0,0,3660,0,66.332,100.0,0.027,degenerate_single_value,provenance,True,0,0
1212,para_source_script,VARCHAR,verified,derivation_vs_canonical_parathyroid_patient_rollup_v1,mig_150_patient_master_parathyroid_postop_tp_cluster_20260429, | mig_150 para/postop/TP cluster (Lane 40). Intent + incidental categorical + ingestion provenance; cross-check complication hypopara tier is clinical not identical.,10871,7211,3660,1,1,0,0,0,3660,0,66.332,100.0,0.027,degenerate_single_value,provenance,True,0,0
1214,vital_status,VARCHAR,verified,derivation_vs_canonical_survival_followup_v1,mig_141_patient_master_survival_cluster_20260429, | mig_141 survival cluster (Lane 30). Patient-grain replay vs canonical_survival_followup_v1 (mig_123/364B); OS metrics anchored first_surgery_date; NULL overall_survival_* where no contact endpoint per builder. vital_status: see CF-mig141-CPM-VITAL-vs-SSOT-PARITY where PM integration precedes label parity with vital_status_current alone.,10871,0,10871,2,2,0,0,0,10679,0,0.0,98.234,0.018,controlled_vocab_candidate,recurrence_survival,True,0,0
1216,death_source,VARCHAR,verified,derivation_vs_canonical_survival_followup_v1,mig_141_patient_master_survival_cluster_20260429, | mig_141 survival cluster (Lane 30). Patient-grain replay vs canonical_survival_followup_v1 (mig_123/364B); OS metrics anchored first_surgery_date; NULL overall_survival_* where no contact endpoint per builder. vital_status: see CF-mig141-CPM-VITAL-vs-SSOT-PARITY where PM integration precedes label parity with vital_status_current alone.,10871,10679,192,1,1,0,0,0,192,0,98.234,100.0,0.521,degenerate_single_value,recurrence_survival,True,0,0
1222,death_integration_script,VARCHAR,verified,auto_provenance_skip,mig_141_patient_master_survival_cluster_20260429, | mig_141 survival cluster (Lane 30). Provenance VARCHAR only — death pipeline script tag (integration lineage SSOT via PM build ledger); no row-level rederivation gate.,10871,0,10871,1,1,0,0,0,10871,0,0.0,100.0,0.009,degenerate_single_value,recurrence_survival,True,0,0
1224,nsqip_thyroidectomy_source_script,VARCHAR,verified,external_registry_nsqip_study_linkage_on_cpm,mig_130_patient_master_operative_cluster_20260429, | mig_130 operative cluster (Lane 22). nsqip_* study/registry join columns.,10871,0,10871,1,1,0,0,0,10871,0,0.0,100.0,0.009,degenerate_single_value,provenance,True,0,0
1225,braf_variant_raw,VARCHAR,verified,derivation_vs_canonical_molecular_genetics_v2,mig_137_patient_master_molecular_cluster_20260429, | mig_137 molecular cluster (Lane 27). BRAF: v2 episode flags + variant columns (mig_116) + v7/v11 recovery passthrough; braf_positive_final replay 0-drift vs BOOL_OR(braf_flag) OR braf_recovered_status_v11=positive.,10871,10698,173,2,2,0,0,173,151,0,98.409,87.283,1.156,possible_enum_review,histology,True,0,0
1226,ete_grade_final,VARCHAR,verified,derivation_vs_canonical_ete_event_resolved_v1,mig_140_patient_master_ete_cluster_20260429, | mig_140 ETE cluster (Lane 29). Grade ladder vs mig121 Tier-2 resolved + adjudication precedence per canonical_finalization mapping (ete_grade_final vs ete_grade_final_v2 generations); INT ete_ordinal_worst ordinal-aligned.,10871,6752,4119,6,6,0,0,0,2580,0,62.11,62.637,0.146,controlled_vocab_candidate,other,True,1,1
1231,mol_test_date_source,VARCHAR,verified,commercial_panel_passthrough_afirma_thyroseq,mig_137_patient_master_molecular_cluster_20260429, | mig_137 molecular cluster (Lane 27). mol_*: mig_265 collision family (canonical_molecular_tested_v1 primary for tested/platform counts — archived); molecular_tested_confirmed vs molecular_v2 row presence gap 327 pts (3.0%) expected. TIMESTAMP mol_*_date cols — CF-mig137-PM-MOL-DATE-RETYPE.,10871,10062,809,1,1,0,0,0,809,0,92.558,100.0,0.124,degenerate_single_value,provenance,True,0,0
1232,path_ene_raw,VARCHAR,verified,derivation_vs_canonical_path_events_and_gm_raw_feed,mig_132_patient_master_pathology_cluster_20260429, | mig_132 pathology cluster (Lane 23). path_* + gm_path_* aligned to mig_89/mig_97b/mig_110 canonical path family.,10871,9644,1227,60,55,2,1,29,826,4,88.713,67.319,4.482,free_text_or_identifier,other,False,0,0
1233,path_ete_raw,VARCHAR,verified,derivation_vs_canonical_path_events_and_gm_raw_feed,mig_132_patient_master_pathology_cluster_20260429, | mig_132 pathology cluster (Lane 23). path_* + gm_path_* aligned to mig_89/mig_97b/mig_110 canonical path family.,10871,6796,4075,31,28,0,0,13,3234,3,62.515,79.362,0.687,possible_enum_review,other,True,16,19
1234,path_laterality,VARCHAR,verified,derivation_vs_canonical_path_events_and_gm_raw_feed,mig_132_patient_master_pathology_cluster_20260429, | mig_132 pathology cluster (Lane 23). path_* + gm_path_* aligned to mig_89/mig_97b/mig_110 canonical path family.,10871,533,10338,3,3,0,0,0,5571,0,4.903,53.889,0.029,controlled_vocab_candidate,laterality,True,0,0
1237,path_lvi_raw,VARCHAR,verified,derivation_vs_canonical_path_events_and_gm_raw_feed,mig_132_patient_master_pathology_cluster_20260429, | mig_132 pathology cluster (Lane 23). path_* + gm_path_* aligned to mig_89/mig_97b/mig_110 canonical path family.,10871,7505,3366,16,16,0,0,1,2575,0,69.037,76.5,0.475,possible_enum_review,other,True,10,10
1238,path_m_stage_raw,VARCHAR,verified,derivation_vs_canonical_path_events_and_gm_raw_feed,mig_132_patient_master_pathology_cluster_20260429, | mig_132 pathology cluster (Lane 23). path_* + gm_path_* aligned to mig_89/mig_97b/mig_110 canonical path family.,10871,6866,4005,8,6,0,0,1401,2577,2,63.159,64.345,0.15,possible_enum_review,stage,True,2,4
1239,path_pni_raw,VARCHAR,verified,derivation_vs_canonical_path_events_and_gm_raw_feed,mig_132_patient_master_pathology_cluster_20260429, | mig_132 pathology cluster (Lane 23). path_* + gm_path_* aligned to mig_89/mig_97b/mig_110 canonical path family.,10871,9433,1438,6,5,0,0,1,1340,1,86.772,93.185,0.348,possible_enum_review,other,True,2,3
1240,path_stage_raw,VARCHAR,verified,derivation_vs_canonical_path_events_and_gm_raw_feed,mig_132_patient_master_pathology_cluster_20260429, | mig_132 pathology cluster (Lane 23). path_* + gm_path_* aligned to mig_89/mig_97b/mig_110 canonical path family.,10871,6737,4134,11,11,0,0,4134,1881,0,61.972,45.501,0.266,possible_enum_review,stage,True,5,5
1242,path_vascular_invasion_raw,VARCHAR,verified,derivation_vs_canonical_path_events_and_gm_raw_feed,mig_132_patient_master_pathology_cluster_20260429, | mig_132 pathology cluster (Lane 23). path_* + gm_path_* aligned to mig_89/mig_97b/mig_110 canonical path family.,10871,7189,3682,19,17,0,0,5,2993,2,66.13,81.287,0.462,possible_enum_review,other,True,11,13
1246,provenance_note,VARCHAR,verified,auto_provenance_skip_audit_metadata_v1,mig_156_patient_master_framework_provenance_cluster_20260429, | mig_156 framework cluster (156g build provenance). Informational stamps / single-value script labels per CF-mig156-VALUE-DEGENERATE-*; TIMESTAMP allowlist OK.,10871,0,10871,1,1,0,0,10871,10871,0,0.0,100.0,0.009,degenerate_single_value,other,True,0,0
1247,rai_assertion_statuses,VARCHAR,verified,patient_level_aggregate_rai_per_episode,mig_142_patient_master_rai_cluster_20260429," | mig_142 RAI intent & workflow. Aggregated STRING_AGG / DISTINCT counts from episode row set; rai_intent_v9 version-pinned. | mig_142b: CF-mig142-VALUE-DEGENERATE-UPSTREAM-rai_assertion_statuses — 1 distinct value (""likely_received"") across 35 non-null / 10836 NULL. Extraction-faithful upstream STRING_AGG of episode-level assertion_status — only ""likely_received"" surfaces because the column was rolled out post-episode-promotion and only newer episodes carry it. Real cohort distribution will broaden after Script-22+ assertion-status backfill. Keep verified informational.",10871,10836,35,1,1,0,0,0,35,0,99.678,100.0,2.857,degenerate_single_value,treatment,True,0,0
1249,rai_date_source,VARCHAR,verified,derivation_vs_canonical_rai_treatment_episode_v2_v1,mig_142_patient_master_rai_cluster_20260429, | mig_142 RAI cluster. rai_first_days_from_surg 0-drift vs surg_first_date to CAST(rai_first_date AS DATE); rai_max/min_dose_mci match episode extrema when dose non-NULL; rai_date_* meta aligns episode tiers.,10871,10290,581,2,2,0,0,0,548,0,94.656,94.32,0.344,date_or_timestamp_text,treatment,False,0,0
1251,ras_subtype_raw,VARCHAR,verified,patient_level_aggregate_per_gene_v2,mig_137_patient_master_molecular_cluster_20260429, | mig_137 molecular cluster (Lane 27). RAS: v2 BOOL_OR(ras_flag OR subtype) vs PM flags — 82-patient (0.75%) v2-only delta documented (≤5% gate); v11/v13 refinement columns phase-pinned.,10871,10697,174,3,3,0,0,174,99,0,98.399,56.897,1.724,possible_enum_review,molecular,True,0,0
1252,recurrence_date_source,VARCHAR,verified,derivation_vs_canonical_recurrence_resolved_v1,mig_138_patient_master_recurrence_response_cluster_20260429, | mig_138 recurrence cluster (Lane 28). Extended recurrence_site_* / pathology / staging rollups sourced from mig_125 resolved family + pathology spine; `recurrence_histology_v2` cleared from Lane 22 pathology defer bucket.,10871,10689,182,2,2,0,0,0,128,0,98.326,70.33,1.099,date_or_timestamp_text,recurrence_survival,False,0,0
1253,recurrence_site_primary,VARCHAR,verified,derivation_vs_canonical_recurrence_resolved_v1,mig_138_patient_master_recurrence_response_cluster_20260429, | mig_138 recurrence cluster (Lane 28). Extended recurrence_site_* / pathology / staging rollups sourced from mig_125 resolved family + pathology spine; `recurrence_histology_v2` cleared from Lane 22 pathology defer bucket.,10871,10771,100,80,79,38,17,71,9,1,99.08,9.0,79.0,high_cardinality_text,recurrence_survival,False,0,0
1254,recurrence_source,VARCHAR,verified,derivation_vs_canonical_recurrence_resolved_v1,mig_138_patient_master_recurrence_response_cluster_20260429, | mig_138 recurrence cluster (Lane 28). Extended recurrence_site_* / pathology / staging rollups sourced from mig_125 resolved family + pathology spine; `recurrence_histology_v2` cleared from Lane 22 pathology defer bucket.,10871,8925,1946,2,2,0,0,0,1818,0,82.099,93.422,0.103,possible_enum_review,recurrence_survival,True,0,0
1255,recurrence_type_primary,VARCHAR,verified,derivation_vs_canonical_recurrence_resolved_v1,mig_138_patient_master_recurrence_response_cluster_20260429, | mig_138 recurrence cluster (Lane 28). Extended recurrence_site_* / pathology / staging rollups sourced from mig_125 resolved family + pathology spine; `recurrence_histology_v2` cleared from Lane 22 pathology defer bucket.,10871,8925,1946,2,2,0,0,0,1818,0,82.099,93.422,0.103,controlled_vocab_candidate,recurrence_survival,True,0,0
1257,resolved_layer_version,VARCHAR,verified,auto_provenance_skip,mig_155_patient_master_risk_scoring_survival_genetics_cluster_20260429, | mig_155 risk-scoring cluster (155h resolved-layer stamp). Build audit metadata; CF-mig155-RESOLVED-LAYER-VERSION-DEGENERATE (single distinct v1). CF-mig155-DATE-RETYPE-CLEAR (resolved_at TIMESTAMP WITH TIME ZONE allowlisted).,10871,0,10871,1,1,0,0,0,10871,0,0.0,100.0,0.009,degenerate_single_value,provenance,True,0,0
1261,source_script,VARCHAR,verified,auto_provenance_skip_audit_metadata_v1,mig_156_patient_master_framework_provenance_cluster_20260429, | mig_156 framework cluster (156g build provenance). Informational stamps / single-value script labels per CF-mig156-VALUE-DEGENERATE-*; TIMESTAMP allowlist OK.,10871,0,10871,1,1,0,0,0,10871,0,0.0,100.0,0.009,degenerate_single_value,provenance,True,0,0
1268,vascular_invasion_final,VARCHAR,verified,derivation_vs_canonical_invasion_events_v1,mig_154_patient_master_pathology_invasion_cluster_20260429, | mig_154 pathology-invasion (154b vascular). WHO 2022 ladder + vessel extrema; internal consistency v13 vasc_* tier. CF-mig154-PM-VI-VS-INVASION-EVENT-PRESENT + CF-mig154-INVASION-FAMILY-LINEAGE.,10871,7120,3751,4,4,0,0,0,3281,0,65.495,87.47,0.107,controlled_vocab_candidate,other,True,0,0
1335,recurrence_site_text,VARCHAR,verified,derivation_vs_canonical_recurrence_resolved_v1,mig_138_patient_master_recurrence_response_cluster_20260429, | mig_138 recurrence cluster (Lane 28). Extended recurrence_site_* / pathology / staging rollups sourced from mig_125 resolved family + pathology spine; `recurrence_histology_v2` cleared from Lane 22 pathology defer bucket.,10871,9598,1273,7,7,0,0,0,945,0,88.29,74.234,0.55,controlled_vocab_candidate,recurrence_survival,True,2,2
1357,margin_status_true,VARCHAR,verified,derivation_vs_canonical_path_malignant_events_v1,mig_154_patient_master_pathology_invasion_cluster_20260429, | mig_154 pathology-invasion (154e margin). Ordinal worst + R-class + margin_status_final resolver; DOUBLE mm triple from synoptic distance feed (CF-mig154-MARGIN-MM-VARCHAR-RETYPE CLEAR). Spot rids 5817/4279/8191/1062/6555.,10871,6915,3956,3,3,0,0,0,3305,0,63.61,83.544,0.076,controlled_vocab_candidate,other,True,0,0
1373,histologic_variants_all,VARCHAR,verified,derivation_vs_canonical_path_malignant_patient_rollup_v1,mig_157_patient_master_clinical_residual_cluster_20260429, | mig_157 Lane 46 (157k). histologic_* STRING_AGG + aggressive_variant ladder; dominant_nodule v1 vs v2 drift CF.,10871,7561,3310,275,247,13,13,173,1040,18,69.552,31.42,7.462,high_cardinality_text,histology,False,0,0
1374,histologic_types_all,VARCHAR,verified,derivation_vs_canonical_path_malignant_patient_rollup_v1,mig_157_patient_master_clinical_residual_cluster_20260429, | mig_157 Lane 46 (157k). histologic_* STRING_AGG + aggressive_variant ladder; dominant_nodule v1 vs v2 drift CF.,10871,6734,4137,177,145,70,30,3725,2859,21,61.945,69.108,3.505,high_cardinality_text,other,False,0,0
1375,rollup_source_table,VARCHAR,verified,auto_provenance_skip_audit_metadata_v1,mig_156_patient_master_framework_provenance_cluster_20260429, | mig_156 framework cluster (156g build provenance). Informational stamps / single-value script labels per CF-mig156-VALUE-DEGENERATE-*; TIMESTAMP allowlist OK.,10871,2449,8422,1,1,0,0,0,8422,0,22.528,100.0,0.012,degenerate_single_value,provenance,True,0,0
1376,rollup_script_version,VARCHAR,verified,auto_provenance_skip_audit_metadata_v1,mig_156_patient_master_framework_provenance_cluster_20260429, | mig_156 framework cluster (156g build provenance). Informational stamps / single-value script labels per CF-mig156-VALUE-DEGENERATE-*; TIMESTAMP allowlist OK.,10871,2449,8422,1,1,0,0,0,8422,0,22.528,100.0,0.012,degenerate_single_value,provenance,True,0,0
1378,ete_grade_adjudicated,VARCHAR,verified,derivation_vs_canonical_ete_event_resolved_v1,mig_140_patient_master_ete_cluster_20260429, | mig_140 ETE cluster (Lane 29). Grade ladder vs mig121 Tier-2 resolved + adjudication precedence per canonical_finalization mapping (ete_grade_final vs ete_grade_final_v2 generations); INT ete_ordinal_worst ordinal-aligned.,10871,10826,45,4,4,0,0,0,26,0,99.586,57.778,8.889,controlled_vocab_candidate,other,True,0,0
1379,ete_adjudication_confidence,VARCHAR,verified,derivation_vs_canonical_ete_event_resolved_v1,mig_140_patient_master_ete_cluster_20260429, | mig_140 ETE cluster (Lane 29). Patient-grain adjudication fields replay vs mig121 canonical_ete_event_resolved_v1 / ete_adjudication_v1 overlays (Scripts 233/390/265 lineage); VARCHAR provenance cols — no DATE CF.,10871,10826,45,2,2,0,0,0,26,0,99.586,57.778,4.444,possible_enum_review,other,True,0,0
1380,ete_adjudication_evidence,VARCHAR,verified,derivation_vs_canonical_ete_event_resolved_v1,mig_140_patient_master_ete_cluster_20260429, | mig_140 ETE cluster (Lane 29). Patient-grain adjudication fields replay vs mig121 canonical_ete_event_resolved_v1 / ete_adjudication_v1 overlays (Scripts 233/390/265 lineage); VARCHAR provenance cols — no DATE CF.,10871,10826,45,45,45,0,0,43,1,0,99.586,2.222,100.0,free_text_or_identifier,other,False,0,0
1381,ete_adjudication_reasoning,VARCHAR,verified,derivation_vs_canonical_ete_event_resolved_v1,mig_140_patient_master_ete_cluster_20260429, | mig_140 ETE cluster (Lane 29). Patient-grain adjudication fields replay vs mig121 canonical_ete_event_resolved_v1 / ete_adjudication_v1 overlays (Scripts 233/390/265 lineage); VARCHAR provenance cols — no DATE CF.,10871,10826,45,45,45,0,0,45,1,0,99.586,2.222,100.0,high_cardinality_text,other,False,0,0
1382,ete_adjudication_t_adjustment,VARCHAR,verified,derivation_vs_canonical_ete_event_resolved_v1,mig_140_patient_master_ete_cluster_20260429, | mig_140 ETE cluster (Lane 29). Patient-grain adjudication fields replay vs mig121 canonical_ete_event_resolved_v1 / ete_adjudication_v1 overlays (Scripts 233/390/265 lineage); VARCHAR provenance cols — no DATE CF.,10871,10826,45,31,31,0,0,22,14,0,99.586,31.111,68.889,controlled_vocab_candidate,other,True,0,0
1383,ete_grade_final_v2,VARCHAR,verified,derivation_vs_canonical_ete_event_resolved_v1,mig_140_patient_master_ete_cluster_20260429, | mig_140 ETE cluster (Lane 29). Grade ladder vs mig121 Tier-2 resolved + adjudication precedence per canonical_finalization mapping (ete_grade_final vs ete_grade_final_v2 generations); INT ete_ordinal_worst ordinal-aligned.,10871,6752,4119,6,6,0,0,0,2580,0,62.11,62.637,0.146,controlled_vocab_candidate,other,True,1,1
1384,ajcc8_t_stage_v2,VARCHAR,verified,patient_level_ajcc_overlay_dominant_tumor_mig266b_family,mig_132_patient_master_pathology_cluster_20260429, | mig_132 pathology cluster (Lane 23). AJCC7/8 + dominant tumor staging columns vs mig_266b manuscript adjudication spine.,10871,6738,4133,8,8,0,0,4133,1014,0,61.981,24.534,0.194,controlled_vocab_candidate,stage,True,1,1
1385,ajcc8_n_stage_v2,VARCHAR,verified,patient_level_ajcc_overlay_dominant_tumor_mig266b_family,mig_132_patient_master_pathology_cluster_20260429, | mig_132 pathology cluster (Lane 23). AJCC7/8 + dominant tumor staging columns vs mig_266b manuscript adjudication spine.,10871,6734,4137,4,4,0,0,4137,1756,0,61.945,42.446,0.097,controlled_vocab_candidate,stage,True,0,0
1386,ajcc8_n_stage_note,VARCHAR,verified,patient_level_ajcc_overlay_dominant_tumor_mig266b_family,mig_132_patient_master_pathology_cluster_20260429, | mig_132 pathology cluster (Lane 23). AJCC7/8 + dominant tumor staging columns vs mig_266b manuscript adjudication spine.,10871,6734,4137,8,8,0,0,4048,1756,0,61.945,42.446,0.193,controlled_vocab_candidate,stage,True,2,2
1387,ajcc8_m_stage_v2,VARCHAR,verified,patient_level_ajcc_overlay_dominant_tumor_mig266b_family,mig_132_patient_master_pathology_cluster_20260429, | mig_132 pathology cluster (Lane 23). AJCC7/8 + dominant tumor staging columns vs mig_266b manuscript adjudication spine.,10871,0,10871,2,2,0,0,10871,10717,0,0.0,98.583,0.018,controlled_vocab_candidate,stage,True,0,0
1388,ajcc8_stage_group_v2,VARCHAR,verified,patient_level_ajcc_overlay_dominant_tumor_mig266b_family,mig_132_patient_master_pathology_cluster_20260429, | mig_132 pathology cluster (Lane 23). AJCC7/8 + dominant tumor staging columns vs mig_266b manuscript adjudication spine.,10871,6741,4130,5,5,0,0,4130,3215,0,62.009,77.845,0.121,controlled_vocab_candidate,stage,True,1,1
1390,ajcc7_t_stage,VARCHAR,verified,patient_level_ajcc_overlay_dominant_tumor_mig266b_family,mig_132_patient_master_pathology_cluster_20260429, | mig_132 pathology cluster (Lane 23). AJCC7/8 + dominant tumor staging columns vs mig_266b manuscript adjudication spine.,10871,6741,4130,6,6,0,0,4130,1538,0,62.009,37.24,0.145,controlled_vocab_candidate,stage,True,0,0
1391,ajcc7_n_stage,VARCHAR,verified,patient_level_ajcc_overlay_dominant_tumor_mig266b_family,mig_132_patient_master_pathology_cluster_20260429, | mig_132 pathology cluster (Lane 23). AJCC7/8 + dominant tumor staging columns vs mig_266b manuscript adjudication spine.,10871,6734,4137,4,4,0,0,4137,1756,0,61.945,42.446,0.097,controlled_vocab_candidate,stage,True,0,0
1392,ajcc7_m_stage,VARCHAR,verified,patient_level_ajcc_overlay_dominant_tumor_mig266b_family,mig_132_patient_master_pathology_cluster_20260429, | mig_132 pathology cluster (Lane 23). AJCC7/8 + dominant tumor staging columns vs mig_266b manuscript adjudication spine.,10871,0,10871,2,2,0,0,10871,10717,0,0.0,98.583,0.018,controlled_vocab_candidate,stage,True,0,0
1393,ajcc7_stage_group,VARCHAR,verified,patient_level_ajcc_overlay_dominant_tumor_mig266b_family,mig_132_patient_master_pathology_cluster_20260429, | mig_132 pathology cluster (Lane 23). AJCC7/8 + dominant tumor staging columns vs mig_266b manuscript adjudication spine.,10871,6989,3882,6,6,0,0,3882,2333,0,64.29,60.098,0.155,controlled_vocab_candidate,stage,True,0,0
1395,ajcc7_missing_components,VARCHAR,verified,derivation_ajcc_calculability_check,mig_143_patient_master_small_clusters_bundle_20260429, | mig_143 AJCC-component shard STRING_AGG payloads; **`ajcc8_calculable_flag` NOT naive “(T+N+M+age) ALL non-null”** — see CF-mig143-AJCC8-CALC-NOT-NAIVE4 vs naive probe **112**. Ordering-independent equality via list_sort/tokenizer on CSV-style missing lists.,10871,4127,6744,3,3,0,0,6744,6731,0,37.963,99.807,0.044,possible_enum_review,stage,True,1,1
1396,stage_migration_7_to_8,VARCHAR,verified,staging_notes_heterogeneity_flags_and_nlp_synoptic_cluster,mig_132_patient_master_pathology_cluster_20260429, | mig_132 pathology cluster (Lane 23). Stage discordance migration notes + NLP synoptic/histology mentions rollup.,10871,9336,1535,10,10,0,0,1535,540,0,85.88,35.179,0.651,controlled_vocab_candidate,stage,True,1,1
1402,n_surgeries_source,VARCHAR,verified,derivation_vs_canonical_upstream_counters_v1,mig_156_patient_master_framework_provenance_cluster_20260429, | mig_156 framework cluster (156a N-counts). Per-feed COUNT aggregates + surgery-count lineage; v2 sibling cols vs legacy feeders per CF-mig156-N-*-V1-V2-* + FNA episode drift CF in header.,10871,0,10871,1,1,0,0,0,10871,0,0.0,100.0,0.009,degenerate_single_value,provenance,True,0,0
1406,recurrence_evidence_type,VARCHAR,verified,derivation_vs_canonical_recurrence_resolved_v1,mig_138_patient_master_recurrence_response_cluster_20260429, | mig_138 recurrence cluster (Lane 28). Extended recurrence_site_* / pathology / staging rollups sourced from mig_125 resolved family + pathology spine; `recurrence_histology_v2` cleared from Lane 22 pathology defer bucket.,10871,10682,189,3,3,0,0,0,118,0,98.261,62.434,1.587,possible_enum_review,recurrence_survival,True,0,0
1408,recurrence_pathology_source_table,VARCHAR,verified,derivation_vs_canonical_recurrence_resolved_v1,mig_138_patient_master_recurrence_response_cluster_20260429, | mig_138 recurrence cluster (Lane 28). Extended recurrence_site_* / pathology / staging rollups sourced from mig_125 resolved family + pathology spine; `recurrence_histology_v2` cleared from Lane 22 pathology defer bucket.,10871,10682,189,2,2,0,0,0,118,0,98.261,62.434,1.058,possible_enum_review,recurrence_survival,True,0,0
1409,recurrence_histology_v2,VARCHAR,verified,derivation_vs_canonical_recurrence_resolved_v1,mig_138_patient_master_recurrence_response_cluster_20260429, | mig_138 recurrence cluster (Lane 28). Extended recurrence_site_* / pathology / staging rollups sourced from mig_125 resolved family + pathology spine; `recurrence_histology_v2` cleared from Lane 22 pathology defer bucket.,10871,10753,118,26,22,0,0,93,66,3,98.915,55.932,18.644,controlled_vocab_candidate,histology,True,16,19
1410,recurrence_site_v2,VARCHAR,verified,derivation_vs_canonical_recurrence_resolved_v1,mig_138_patient_master_recurrence_response_cluster_20260429, | mig_138 recurrence cluster (Lane 28). Extended recurrence_site_* / pathology / staging rollups sourced from mig_125 resolved family + pathology spine; `recurrence_histology_v2` cleared from Lane 22 pathology defer bucket.,10871,10771,100,80,79,38,17,71,9,1,99.08,9.0,79.0,high_cardinality_text,recurrence_survival,False,0,0
1415,concern_highest_tier,VARCHAR,verified,derivation_vs_canonical_complications_events_v1,mig_157_patient_master_clinical_residual_cluster_20260429, | mig_157 Lane 46 (157h). voice_*/concern_* complications phenotype; wound_infection_status notes.,10871,10622,249,2,2,0,0,0,189,0,97.71,75.904,0.803,controlled_vocab_candidate,other,True,0,0
1416,rec_detection_method,VARCHAR,verified,cross_check_event_grain_inner_join_cast_varchar,mig_138_patient_master_recurrence_response_cluster_20260429, | mig_138 recurrence cluster (Lane 28). rec_* provenance tiers from recurrence classification overlays (Script 224 lineage / patient-spine merges); INNER JOIN probes CAST(rid AS VARCHAR) per recurrence family cross-check doctrine.,10871,10622,249,2,2,0,0,0,189,0,97.71,75.904,0.803,controlled_vocab_candidate,provenance,True,0,0
1417,bmi_missingness_reason,VARCHAR,verified,derivation_bmi_hierarchy,mig_143_patient_master_small_clusters_bundle_20260429, | mig_143 BMI shard. anesthesia_vs_clinic_vs_NLP-note extraction ladder (+ missingness reason stamping) per operative/clinic consolidation feeders.,10871,0,10871,2,2,0,0,0,8786,0,0.0,80.821,0.018,controlled_vocab_candidate,other,True,0,0
1418,fna_pathway_status,VARCHAR,verified,derivation_fna_path_concordance_chain,mig_143_patient_master_small_clusters_bundle_20260429, | mig_143 small-clusters Lane 32 (concordance shard). Bethesda category vs final histology adjudication taxonomy (Scripts 205/265 lineage; TP/TN/discord lanes per surgical cohort enrichment); BOOL `fna_path_concordant` non-degenerate.,10871,0,10871,3,3,0,0,0,5249,0,0.0,48.284,0.028,controlled_vocab_candidate,other,True,0,0
1420,ret_note_alteration_types,VARCHAR,verified,derivation_vs_canonical_molecular_genetics_v2,mig_137_patient_master_molecular_cluster_20260429, | mig_137 molecular cluster (Lane 27). RET: v2 ret_flag/ret_fusion_flag + CPM adjudication/note columns frozen from consolidation; upstream adjudication table archived — passthrough fidelity to freeze state.,10871,10833,38,11,11,0,0,0,15,0,99.65,39.474,28.947,controlled_vocab_candidate,other,True,0,0
1421,ret_note_variants_reported,VARCHAR,verified,derivation_vs_canonical_molecular_genetics_v2,mig_137_patient_master_molecular_cluster_20260429, | mig_137 molecular cluster (Lane 27). RET: v2 ret_flag/ret_fusion_flag + CPM adjudication/note columns frozen from consolidation; upstream adjudication table archived — passthrough fidelity to freeze state.,10871,10850,21,19,19,0,0,20,2,0,99.807,9.524,90.476,controlled_vocab_candidate,histology,True,0,0
1425,mortality_type,VARCHAR,verified,mortality_survival_chain_derivation_mig_98h,mig_135_patient_master_complications_cluster_20260429, | mig_135 complications cluster (Lane 25). SSOT: canonical_complications_events_v1 + rollup mig_108; hypopara/hypocal cross-check mig_102 where applicable.,10871,10679,192,2,2,0,0,0,96,0,98.234,50.0,1.042,controlled_vocab_candidate,other,True,0,0
1430,tg_limitation_note,VARCHAR,verified,response_to_therapy_ata_classification_logic,mig_138_patient_master_recurrence_response_cluster_20260429, | mig_138 recurrence cluster (Lane 28). Tg trajectory + limitation flags underpin structured response-to-therapy phenotyping; labs-lane `tg_lab_*` columns verified separately (mig_134). ATA composite logic references longitudinal lab + recurrence SSOT.,10871,2567,8304,3,3,0,0,8304,6483,0,23.613,78.071,0.036,controlled_vocab_candidate,other,True,0,0
1434,ajcc8_t_stage,VARCHAR,verified,patient_level_ajcc_overlay_dominant_tumor_mig266b_family,mig_132_patient_master_pathology_cluster_20260429, | mig_132 pathology cluster (Lane 23). AJCC7/8 + dominant tumor staging columns vs mig_266b manuscript adjudication spine.,10871,6696,4175,6,6,0,0,4175,1319,0,61.595,31.593,0.144,controlled_vocab_candidate,stage,True,1,1
1435,ajcc8_stage_group_corrected,VARCHAR,verified,patient_level_ajcc_overlay_dominant_tumor_mig266b_family,mig_132_patient_master_pathology_cluster_20260429, | mig_132 pathology cluster (Lane 23). AJCC7/8 + dominant tumor staging columns vs mig_266b manuscript adjudication spine.,10871,3055,7816,3,3,0,0,7816,5283,0,28.102,67.592,0.038,controlled_vocab_candidate,stage,True,0,0
1440,ene_ln_concordance_status,VARCHAR,verified,derivation_ene_multisource_mig114_gm_path_raw,mig_133_patient_master_lymph_node_cluster_20260429, | mig_133 lymph_node cluster (Lane 24). ENE v9 + imaging concordance vs ete_subgrade / invasion canonicals; gm_path_ene_raw path spine.,10871,9619,1252,3,3,0,0,0,1109,0,88.483,88.578,0.24,controlled_vocab_candidate,other,True,0,0
1441,stage_discordance_note,VARCHAR,verified,staging_notes_heterogeneity_flags_and_nlp_synoptic_cluster,mig_132_patient_master_pathology_cluster_20260429, | mig_132 pathology cluster (Lane 23). Stage discordance migration notes + NLP synoptic/histology mentions rollup.,10871,10863,8,1,1,0,0,8,8,0,99.926,100.0,12.5,degenerate_single_value,stage,True,0,0
1442,ln_data_quality_flag,VARCHAR,verified,derivation_ln_core_path_malignant_and_level_rollups_mig89,mig_133_patient_master_lymph_node_cluster_20260429, | mig_133 lymph_node cluster (Lane 24). ln_* counts/ratios/levels vs path malignant family + synoptic-level feeders; NULL bulk off-rollup patients.,10871,10850,21,2,2,0,0,0,20,0,99.807,95.238,9.524,controlled_vocab_candidate,risk_scoring,True,0,0
1445,comp_hypocalcemia_evidence_source,VARCHAR,verified,derivation_vs_canonical_complications_events_hypocalcemia_mig_98g_parathyroid_102,mig_135_patient_master_complications_cluster_20260429, | mig_135 complications cluster (Lane 25). SSOT: canonical_complications_events_v1 + rollup mig_108; hypopara/hypocal cross-check mig_102 where applicable.,10871,10791,80,1,1,0,0,0,80,0,99.264,100.0,1.25,degenerate_single_value,complication,True,0,0
1446,comp_hypopara_permanent_limitation_note,VARCHAR,verified,patient_level_complication_cross_validate_parathyroid_mig_102,mig_135_patient_master_complications_cluster_20260429, | mig_135 complications cluster (Lane 25). SSOT: canonical_complications_events_v1 + rollup mig_108; hypopara/hypocal cross-check mig_102 where applicable.,10871,10841,30,3,3,0,0,0,14,0,99.724,46.667,10.0,controlled_vocab_candidate,complication,True,0,0
1459,ret_evidence_source,VARCHAR,verified,derivation_vs_canonical_molecular_genetics_v2,mig_137_patient_master_molecular_cluster_20260429, | mig_137 molecular cluster (Lane 27). RET: v2 ret_flag/ret_fusion_flag + CPM adjudication/note columns frozen from consolidation; upstream adjudication table archived — passthrough fidelity to freeze state.,10871,10801,70,3,3,0,0,0,38,0,99.356,54.286,4.286,possible_enum_review,provenance,True,0,0
1461,worst_bethesda_source,VARCHAR,verified,derivation_vs_canonical_fna_patient_rollup_v1,mig_143_patient_master_small_clusters_bundle_20260429, | mig_143 small-clusters Lane 32 (FNA/rollup shard). bitwise 0-drift replay vs main.canonical_fna_patient_rollup_v1 (mig_95b) per prompt6_356 CPM_REPOINT_MAP; feeder SSOTcanonical_fna_events_v1 mig_78/mig_96 family.,10871,5605,5266,1,1,0,0,0,5266,0,51.559,100.0,0.019,degenerate_single_value,provenance,True,0,0
1462,rai_max_dose_source,VARCHAR,verified,patient_level_aggregate_rai_per_episode,mig_142_patient_master_rai_cluster_20260429, | mig_142 RAI dose chain. PM dose metadata + cumulative vs episode SUM with 4pt withhold CF; rai_dose_v9 version-pinned; threshold ~1000 mCi extreme.,10871,10009,862,2,2,0,0,0,609,0,92.071,70.65,0.232,possible_enum_review,treatment,True,0,0
1463,tg_peak_source,VARCHAR,verified,response_to_therapy_ata_classification_logic,mig_138_patient_master_recurrence_response_cluster_20260429, | mig_138 recurrence cluster (Lane 28). Tg trajectory + limitation flags underpin structured response-to-therapy phenotyping; labs-lane `tg_lab_*` columns verified separately (mig_134). ATA composite logic references longitudinal lab + recurrence SSOT.,10871,8348,2523,1,1,0,0,2523,2523,0,76.791,100.0,0.04,degenerate_single_value,provenance,True,0,0
1472,bethesda_derivation_methods,VARCHAR,verified,derivation_vs_canonical_fna_events_bethesda_cluster,mig_132_patient_master_pathology_cluster_20260429, | mig_132 pathology cluster (Lane 23). bethesda_* vs canonical_fna_events_v1 (mig_78/mig_96 lineage).,10871,5631,5240,9,9,0,0,0,3189,0,51.798,60.859,0.172,controlled_vocab_candidate,provenance,True,1,1
1474,bethesda_index_nodule_linkage_source,VARCHAR,verified,derivation_vs_canonical_fna_events_bethesda_cluster,mig_132_patient_master_pathology_cluster_20260429, | mig_132 pathology cluster (Lane 23). bethesda_* vs canonical_fna_events_v1 (mig_78/mig_96 lineage).,10871,5850,5021,1,1,0,0,0,5021,0,53.813,100.0,0.02,degenerate_single_value,provenance,True,0,0
1476,comp_hypopara_permanent_source,VARCHAR,verified,patient_level_complication_cross_validate_parathyroid_mig_102,mig_135_patient_master_complications_cluster_20260429, | mig_135 complications cluster (Lane 25). SSOT: canonical_complications_events_v1 + rollup mig_108; hypopara/hypocal cross-check mig_102 where applicable.,10871,10867,4,2,2,0,0,0,3,0,99.963,75.0,50.0,free_text_or_identifier,complication,False,0,0
1478,dominant_tumor_ajcc7_t_stage,VARCHAR,verified,patient_level_ajcc_overlay_dominant_tumor_mig266b_family,mig_132_patient_master_pathology_cluster_20260429, | mig_132 pathology cluster (Lane 23). AJCC7/8 + dominant tumor staging columns vs mig_266b manuscript adjudication spine.,10871,6872,3999,5,5,0,0,3999,1224,0,63.214,30.608,0.125,controlled_vocab_candidate,stage,True,0,0
1479,dominant_tumor_ajcc7_n_stage,VARCHAR,verified,patient_level_ajcc_overlay_dominant_tumor_mig266b_family,mig_132_patient_master_pathology_cluster_20260429, | mig_132 pathology cluster (Lane 23). AJCC7/8 + dominant tumor staging columns vs mig_266b manuscript adjudication spine.,10871,5375,5496,5,5,0,0,5496,2548,0,49.443,46.361,0.091,controlled_vocab_candidate,stage,True,0,0
1480,dominant_tumor_ajcc7_m_stage,VARCHAR,verified,patient_level_ajcc_overlay_dominant_tumor_mig266b_family,mig_132_patient_master_pathology_cluster_20260429, | mig_132 pathology cluster (Lane 23). AJCC7/8 + dominant tumor staging columns vs mig_266b manuscript adjudication spine.,10871,2449,8422,2,2,0,0,8422,6604,0,22.528,78.414,0.024,controlled_vocab_candidate,stage,True,0,0
1481,dominant_tumor_ajcc7_stage_group,VARCHAR,verified,patient_level_ajcc_overlay_dominant_tumor_mig266b_family,mig_132_patient_master_pathology_cluster_20260429, | mig_132 pathology cluster (Lane 23). AJCC7/8 + dominant tumor staging columns vs mig_266b manuscript adjudication spine.,10871,7008,3863,5,5,0,0,3863,1504,0,64.465,38.933,0.129,controlled_vocab_candidate,stage,True,0,0
1482,dominant_tumor_ajcc8_t_stage,VARCHAR,verified,patient_level_ajcc_overlay_dominant_tumor_mig266b_family,mig_132_patient_master_pathology_cluster_20260429, | mig_132 pathology cluster (Lane 23). AJCC7/8 + dominant tumor staging columns vs mig_266b manuscript adjudication spine.,10871,6872,3999,6,6,0,0,3999,1224,0,63.214,30.608,0.15,controlled_vocab_candidate,stage,True,0,0
1483,dominant_tumor_ajcc8_n_stage,VARCHAR,verified,patient_level_ajcc_overlay_dominant_tumor_mig266b_family,mig_132_patient_master_pathology_cluster_20260429, | mig_132 pathology cluster (Lane 23). AJCC7/8 + dominant tumor staging columns vs mig_266b manuscript adjudication spine.,10871,5375,5496,5,5,0,0,5496,2548,0,49.443,46.361,0.091,controlled_vocab_candidate,stage,True,0,0
1484,dominant_tumor_ajcc8_m_stage,VARCHAR,verified,patient_level_ajcc_overlay_dominant_tumor_mig266b_family,mig_132_patient_master_pathology_cluster_20260429, | mig_132 pathology cluster (Lane 23). AJCC7/8 + dominant tumor staging columns vs mig_266b manuscript adjudication spine.,10871,2449,8422,2,2,0,0,8422,6604,0,22.528,78.414,0.024,controlled_vocab_candidate,stage,True,0,0
1485,dominant_tumor_ajcc8_stage_group,VARCHAR,verified,patient_level_ajcc_overlay_dominant_tumor_mig266b_family,mig_132_patient_master_pathology_cluster_20260429, | mig_132 pathology cluster (Lane 23). AJCC7/8 + dominant tumor staging columns vs mig_266b manuscript adjudication spine.,10871,7261,3610,4,4,0,0,3610,1547,0,66.792,42.853,0.111,controlled_vocab_candidate,stage,True,0,0
1498,op_esophageal_inv_first_source_note_ref,VARCHAR,verified,derivation_replay_vs_canonical_operative_events_v1_tri_state_null,mig_130_patient_master_operative_cluster_20260429, | mig_130 operative cluster (Lane 22). op_* rollup/NLP-enriched cols; material TRUE/FALSE agreement vs BOOL_OR on operative events = 0; NULL bulk.,10871,10527,344,344,344,0,0,0,1,0,96.836,0.291,100.0,free_text_or_identifier,provenance,False,0,0
1499,op_esophageal_inv_first_evidence_text,VARCHAR,verified,derivation_replay_vs_canonical_operative_events_v1_tri_state_null,mig_130_patient_master_operative_cluster_20260429, | mig_130 operative cluster (Lane 22). op_* rollup/NLP-enriched cols; material TRUE/FALSE agreement vs BOOL_OR on operative events = 0; NULL bulk.,10871,10871,0,0,0,0,0,0,0,0,100.0,0.0,0.0,empty_verified_varchar,other,False,0,0
1500,op_esophageal_inv_source_table,VARCHAR,verified,derivation_replay_vs_canonical_operative_events_v1_tri_state_null,mig_130_patient_master_operative_cluster_20260429, | mig_130 operative cluster (Lane 22). op_* rollup/NLP-enriched cols; material TRUE/FALSE agreement vs BOOL_OR on operative events = 0; NULL bulk.,10871,10527,344,2,2,0,0,0,342,0,96.836,99.419,0.581,possible_enum_review,provenance,True,1,1
1502,lab_calcium_source,VARCHAR,verified,derivation_canonical_labs_rollups_mig115_script347,mig_134_patient_master_labs_cluster_20260429, | mig_134 labs cluster (Lane 25). lab_* aggregates vs mig_115 verified per-analyte canonicals + Script 347 longitudinal_lab_VIEW_v1 union; NULL-safe count semantics.,10871,10839,32,1,1,0,0,0,32,0,99.706,100.0,3.125,degenerate_single_value,provenance,True,0,0
1504,lab_calcium_first_source,VARCHAR,verified,derivation_canonical_labs_rollups_mig115_script347,mig_134_patient_master_labs_cluster_20260429, | mig_134 labs cluster (Lane 25). lab_* aggregates vs mig_115 verified per-analyte canonicals + Script 347 longitudinal_lab_VIEW_v1 union; NULL-safe count semantics.,10871,10674,197,2,2,0,0,0,165,0,98.188,83.756,1.015,possible_enum_review,provenance,True,0,0
1506,imaging_nodule_size_cm_source,VARCHAR,verified,cross_modal_imaging_aggregate,mig_144_patient_master_us_imaging_cluster_20260429, | mig_144 imaging-generic rollup — INM/271 lateralized nodule booleans + structured component presence + modality-aware LN sentinel + Tirads/size winner / evidence source enums. CF near-uniform recurrence imaging pair (both **79**/TRUE (**0.73%**) — mig_144 recurrence-imaging rarity tag). **(Struct-FALSE≠negative)** caveat remains per legacy boolean hygiene.,10871,7432,3439,1,1,0,0,0,3439,0,68.365,100.0,0.029,degenerate_single_value,provenance,True,0,0
1507,margin_status_final,VARCHAR,verified,derivation_vs_canonical_path_malignant_events_v1,mig_154_patient_master_pathology_invasion_cluster_20260429, | mig_154 pathology-invasion (154e margin). Ordinal worst + R-class + margin_status_final resolver; DOUBLE mm triple from synoptic distance feed (CF-mig154-MARGIN-MM-VARCHAR-RETYPE CLEAR). Spot rids 5817/4279/8191/1062/6555.,10871,6914,3957,4,4,0,0,3957,3896,0,63.6,98.458,0.101,controlled_vocab_candidate,other,True,1,1
1508,margin_status_final_source,VARCHAR,verified,derivation_vs_canonical_path_malignant_events_v1,mig_154_patient_master_pathology_invasion_cluster_20260429, | mig_154 pathology-invasion (154e margin). Ordinal worst + R-class + margin_status_final resolver; DOUBLE mm triple from synoptic distance feed (CF-mig154-MARGIN-MM-VARCHAR-RETYPE CLEAR). Spot rids 5817/4279/8191/1062/6555.,10871,6914,3957,1,1,0,0,0,3957,0,63.6,100.0,0.025,degenerate_single_value,provenance,True,0,0
1516,tsh_suppressed_ever_source,VARCHAR,verified,derivation_vs_canonical_labs_calcium_v1_and_labs_tsh_v1_postop_window,mig_157_patient_master_clinical_residual_cluster_20260429, | mig_157 Lane 46 (157i). calcium_* + tsh_suppressed_* vs canonical_labs_calcium_v1 / canonical_labs_tsh_v1; cross mig_150 postop_low_calcium_flag (CF). | CF-mig157-TSH-SUPPRESSED-SOURCE-ALL-NULL: tsh_suppressed_ever_source unpopulated — provenance gap.,10871,10871,0,0,0,0,0,0,0,0,100.0,0.0,0.0,empty_verified_varchar,provenance,False,0,0
1517,path_stage_raw_source,VARCHAR,verified,derivation_vs_canonical_path_events_and_gm_raw_feed,mig_132_patient_master_pathology_cluster_20260429, | mig_132 pathology cluster (Lane 23). path_* + gm_path_* aligned to mig_89/mig_97b/mig_110 canonical path family.,10871,10807,64,1,1,0,0,0,64,0,99.411,100.0,1.562,degenerate_single_value,stage,True,0,0
1519,gm_path_stage_raw_source,VARCHAR,verified,derivation_vs_canonical_path_events_and_gm_raw_feed,mig_132_patient_master_pathology_cluster_20260429, | mig_132 pathology cluster (Lane 23). path_* + gm_path_* aligned to mig_89/mig_97b/mig_110 canonical path family.,10871,10807,64,1,1,0,0,0,64,0,99.411,100.0,1.562,degenerate_single_value,stage,True,0,0
1521,nucmed_tgab_max_source,VARCHAR,verified,derivation_vs_canonical_labs_thyroglobulin_v1,mig_147_patient_master_nucmed_imaging_cluster_20260429, | mig_147 NM-stim tg/tgab (Lane 37). Regex parse from NM `lab_summary`/`scan_present` + Script 347 `canonical_labs_thyroglobulin_v1` for `nucmed_tgab_max` / `_source` pathways (detail_table_registry feeds).,10871,10871,0,0,0,0,0,0,0,0,100.0,0.0,0.0,empty_verified_varchar,provenance,False,0,0
1522,biochemical_concern_first_date_source,VARCHAR,verified,derivation_script224_biochemical_concern_tier3_helper,mig_134_patient_master_labs_cluster_20260429, | mig_134 labs cluster (Lane 25). biochemical_concern_* vs Script 224 tier-3 biochemical helper (NOT recurrence_v1 biochemical pair — those deferred).,10871,10871,0,0,0,0,0,0,0,0,100.0,0.0,0.0,empty_verified_varchar,provenance,False,0,0
1525,frozen_source_hierarchy,VARCHAR,verified,derivation_vs_canonical_frozen_section_events_v1,mig_143_patient_master_small_clusters_bundle_20260429, | mig_143 frozen shard. Replay vs canonical_frozen_section_events_v1 mig_100 USING filter (result_raw populated OR synoptic_excel parsed) matching Script**360** `frozen_n_total`; naive unfiltered COUNT≠PM by design (451-patient informational delta). syn_* columns synoptic pathology slice paired with mig_119 rollup close-out.,10871,0,10871,5,5,0,0,0,6755,0,0.0,62.138,0.046,possible_enum_review,provenance,True,0,0
1592,ete_grade_clean,VARCHAR,verified,derivation_vs_canonical_ete_event_resolved_v1,mig_140_patient_master_ete_cluster_20260429, | mig_140 ETE cluster (Lane 29). Grade ladder vs mig121 Tier-2 resolved + adjudication precedence per canonical_finalization mapping (ete_grade_final vs ete_grade_final_v2 generations); INT ete_ordinal_worst ordinal-aligned.,10871,7617,3254,4,4,0,0,0,2209,0,70.067,67.886,0.123,controlled_vocab_candidate,other,True,0,0
