Variable,Coefficient,SE,OR,OR_95CI_low,OR_95CI_high,p_value
age,0.0774,0.323,1.081,0.574,2.035,0.810576
female,-0.0284,0.3201,0.972,0.519,1.82,0.929419
black,0.1654,0.3442,1.18,0.601,2.317,0.630918
asian,-7.5224,37382891.9647,0.001,0.0,inf,1.0
specimen_weight_g,0.02,0.3132,1.02,0.552,1.885,0.949032
substernal,-8.5245,162948248.2914,0.0,0.0,inf,1.0
total_thyroidectomy,5.0684,95308047.8013,158.913,0.0,inf,1.0
