Variable,Coefficient,SE,OR,OR_95CI_low,OR_95CI_high,p_value
central_lnd_flag,0.2357,0.0794,1.266,1.083,1.479,0.002976
age,-0.069,0.078,0.933,0.801,1.088,0.376622
tumor_size_cm,-0.1949,0.0807,0.823,0.703,0.964,0.015679
ln_positive,0.2158,0.0866,1.241,1.047,1.47,0.012668
braf_positive,0.0638,0.0825,1.066,0.907,1.253,0.4392
